Network,School ID,School,Total,White No,White Pct,African American No,African American Pct,Asian/Pac Islander No,Asian/Pac Islander Pct,Native American/Alaskan No,Native American/Alaskan Pct,Hispanic No,Hispanic Pct,Multi-Racial No,Multi-Racial Pct,Asian No,Asian Pct,Hawaiian Pac Islander No,Hawaiian Pac Islander Pct,Na No,Na Pct,,,
ES Network - Austin-North Lawndale,610156,Armstrong L.,98,0,0.0,95,96.9,0,0.0,0,0.0,3,3.1,0,0.0,0,0.0,0,0.0,0,0.0,,,
ES Network - Austin-North Lawndale,609830,Brunson,622,2,0.3,578,92.9,0,0.0,0,0.0,27,4.3,2,0.3,0,0.0,0,0.0,13,2.1,,,
ES Network - Austin-North Lawndale,609851,Chalmers,364,0,0.0,361,99.2,0,0.0,0,0.0,3,0.8,0,0.0,0,0.0,0,0.0,0,0.0,,,
ES Network - Austin-North Lawndale,609795,Clark G. R.,278,5,1.8,174,62.6,0,0.0,3,1.1,94,33.8,1,0.4,0,0.0,1,0.4,0,0.0,,,
ES Network - Austin-North Lawndale,609873,Crown,279,0,0.0,266,95.3,0,0.0,0,0.0,13,4.7,0,0.0,0,0.0,0,0.0,0,0.0,,,
ES Network - Austin-North Lawndale,610367,DePriest,549,2,0.4,516,94.0,0,0.0,1,0.2,23,4.2,4,0.7,2,0.4,1,0.2,0,0.0,,,
ES Network - Austin-North Lawndale,610254,Dvorak,534,0,0.0,526,98.5,0,0.0,0,0.0,6,1.1,2,0.4,0,0.0,0,0.0,0,0.0,,,
ES Network - Austin-North Lawndale,609904,Ellington,337,2,0.6,319,94.7,0,0.0,1,0.3,14,4.2,1,0.3,0,0.0,0,0.0,0,0.0,,,
ES Network - Austin-North Lawndale,609906,Emmet,458,0,0.0,454,99.1,0,0.0,0,0.0,1,0.2,1,0.2,0,0.0,1,0.2,1,0.2,,,
ES Network - Austin-North Lawndale,610503,Frazier International,224,1,0.4,220,98.2,0,0.0,0,0.0,3,1.3,0,0.0,0,0.0,0,0.0,0,0.0,,,
ES Network - Austin-North Lawndale,609975,Hay,582,2,0.3,535,91.9,0,0.0,0,0.0,39,6.7,6,1.0,0,0.0,0,0.0,0,0.0,,,
ES Network - Austin-North Lawndale,610240,Henson,252,0,0.0,251,99.6,0,0.0,0,0.0,0,0.0,1,0.4,0,0.0,0,0.0,0,0.0,,,
ES Network - Austin-North Lawndale,609991,Herzl,502,2,0.4,483,96.2,0,0.0,0,0.0,13,2.6,3,0.6,0,0.0,0,0.0,1,0.2,,,
ES Network - Austin-North Lawndale,610005,Hughes C.,286,0,0.0,281,98.3,0,0.0,0,0.0,2,0.7,1,0.3,1,0.3,1,0.3,0,0.0,,,
ES Network - Austin-North Lawndale,610020,Key,306,1,0.3,292,95.4,0,0.0,3,1.0,9,2.9,1,0.3,0,0.0,0,0.0,0,0.0,,,
ES Network - Austin-North Lawndale,610034,Lawndale,478,0,0.0,472,98.7,0,0.0,0,0.0,5,1.0,1,0.2,0,0.0,0,0.0,0,0.0,,,
ES Network - Austin-North Lawndale,610305,Leland,170,0,0.0,167,98.2,0,0.0,0,0.0,3,1.8,0,0.0,0,0.0,0,0.0,0,0.0,,,
ES Network - Austin-North Lawndale,610036,Lewis,569,7,1.2,466,81.9,0,0.0,0,0.0,92,16.2,3,0.5,0,0.0,0,0.0,1,0.2,,,
ES Network - Austin-North Lawndale,610043,Lovett,488,0,0.0,428,87.7,0,0.0,0,0.0,56,11.5,2,0.4,0,0.0,2,0.4,0,0.0,,,
ES Network - Austin-North Lawndale,610056,Mason,485,0,0.0,482,99.4,0,0.0,0,0.0,2,0.4,1,0.2,0,0.0,0,0.0,0,0.0,,,
ES Network - Austin-North Lawndale,610058,May,463,0,0.0,460,99.4,0,0.0,1,0.2,1,0.2,1,0.2,0,0.0,0,0.0,0,0.0,,,
ES Network - Austin-North Lawndale,610282,McNair,395,1,0.3,355,89.9,0,0.0,1,0.3,33,8.4,2,0.5,0,0.0,0,0.0,3,0.8,,,
ES Network - Austin-North Lawndale,610092,Nash,392,1,0.3,377,96.2,0,0.0,0,0.0,13,3.3,1,0.3,0,0.0,0,0.0,0,0.0,,,
ES Network - Austin-North Lawndale,610123,Penn,370,0,0.0,307,83.0,0,0.0,0,0.0,63,17.0,0,0.0,0,0.0,0,0.0,0,0.0,,,
ES Network - Austin-North Lawndale,610131,Plamondon,178,1,0.6,37,20.8,0,0.0,1,0.6,138,77.5,1,0.6,0,0.0,0,0.0,0,0.0,,,
ES Network - Austin-North Lawndale,610134,Pope,184,0,0.0,165,89.7,0,0.0,1,0.5,18,9.8,0,0.0,0,0.0,0,0.0,0,0.0,,,
ES Network - Austin-North Lawndale,610158,Sayre,592,62,10.5,232,39.2,0,0.0,1,0.2,261,44.1,29,4.9,5,0.8,0,0.0,2,0.3,,,
ES Network - Austin-North Lawndale,610183,Spencer,838,1,0.1,827,98.7,0,0.0,0,0.0,5,0.6,1,0.1,0,0.0,0,0.0,4,0.5,,,
ES Network - Austin-North Lawndale,610235,Young,"1,121",0,0.0,992,88.5,0,0.0,3,0.3,117,10.4,6,0.5,1,0.1,2,0.2,0,0.0,,,
ES Network - Burnham Park,609951,Ariel,559,0,0.0,543,97.1,0,0.0,0,0.0,14,2.5,2,0.4,0,0.0,0,0.0,0,0.0,,,
ES Network - Burnham Park,609781,Attucks,275,0,0.0,273,99.3,0,0.0,0,0.0,1,0.4,0,0.0,0,0.0,0,0.0,1,0.4,,,
ES Network - Burnham Park,610246,Beasley Magnet,"1,455",2,0.1,"1,407",96.7,0,0.0,5,0.3,25,1.7,8,0.5,2,0.1,2,0.1,4,0.3,,,
ES Network - Burnham Park,610237,Beethoven,389,2,0.5,371,95.4,0,0.0,0,0.0,5,1.3,1,0.3,0,0.0,0,0.0,10,2.6,,,
ES Network - Burnham Park,609819,Burke,272,0,0.0,265,97.4,0,0.0,0,0.0,2,0.7,0,0.0,0,0.0,0,0.0,5,1.8,,,
ES Network - Burnham Park,610018,Canter Middle,228,3,1.3,210,92.1,0,0.0,1,0.4,9,3.9,2,0.9,3,1.3,0,0.0,0,0.0,,,
ES Network - Burnham Park,609837,Carnegie,692,5,0.7,647,93.5,0,0.0,1,0.1,11,1.6,2,0.3,0,0.0,0,0.0,26,3.8,,,
ES Network - Burnham Park,609844,Carter,346,0,0.0,338,97.7,0,0.0,0,0.0,8,2.3,0,0.0,0,0.0,0,0.0,0,0.0,,,
ES Network - Burnham Park,609891,Doolittle,295,0,0.0,291,98.6,0,0.0,0,0.0,3,1.0,1,0.3,0,0.0,0,0.0,0,0.0,,,
ES Network - Burnham Park,609894,Drake,242,3,1.2,226,93.4,0,0.0,0,0.0,5,2.1,1,0.4,4,1.7,0,0.0,3,1.2,,,
ES Network - Burnham Park,610266,Dumas,331,0,0.0,328,99.1,0,0.0,0,0.0,0,0.0,0,0.0,0,0.0,0,0.0,3,0.9,,,
ES Network - Burnham Park,609919,Fiske,220,0,0.0,217,98.6,0,0.0,0,0.0,1,0.5,1,0.5,0,0.0,1,0.5,0,0.0,,,
ES Network - Burnham Park,609928,Fuller,270,0,0.0,262,97.0,0,0.0,0,0.0,1,0.4,2,0.7,0,0.0,0,0.0,5,1.9,,,
ES Network - Burnham Park,609969,Harte,328,10,3.0,260,79.3,0,0.0,0,0.0,16,4.9,4,1.2,4,1.2,0,0.0,34,10.4,,,
ES Network - Burnham Park,610030,Kozminski,370,3,0.8,359,97.0,0,0.0,0,0.0,6,1.6,2,0.5,0,0.0,0,0.0,0,0.0,,,
ES Network - Burnham Park,610061,Mayo,408,0,0.0,379,92.9,0,0.0,0,0.0,4,1.0,0,0.0,0,0.0,0,0.0,25,6.1,,,
ES Network - Burnham Park,610276,Mollison,237,0,0.0,233,98.3,0,0.0,0,0.0,2,0.8,1,0.4,0,0.0,0,0.0,1,0.4,,,
ES Network - Burnham Park,610090,Murray Magnet,523,36,6.9,415,79.3,0,0.0,2,0.4,21,4.0,36,6.9,13,2.5,0,0.0,0,0.0,,,
ES Network - Burnham Park,610277,Overton,431,1,0.2,396,91.9,0,0.0,0,0.0,5,1.2,0,0.0,0,0.0,0,0.0,29,6.7,,,
ES Network - Burnham Park,610126,Pershing E. Magnet,249,1,0.4,230,92.4,0,0.0,0,0.0,13,5.2,1,0.4,2,0.8,0,0.0,2,0.8,,,
ES Network - Burnham Park,610395,Pershing W. Magnet,240,2,0.8,227,94.6,0,0.0,1,0.4,4,1.7,4,1.7,0,0.0,0,0.0,2,0.8,,,
ES Network - Burnham Park,610142,Ray,676,142,21.0,326,48.2,0,0.0,2,0.3,63,9.3,51,7.5,88,13.0,0,0.0,4,0.6,,,
ES Network - Burnham Park,610143,Reavis,279,0,0.0,241,86.4,0,0.0,0,0.0,2,0.7,0,0.0,0,0.0,3,1.1,33,11.8,,,
ES Network - Burnham Park,610256,Robinson,139,0,0.0,137,98.6,0,0.0,0,0.0,2,1.4,0,0.0,0,0.0,0,0.0,0,0.0,,,
ES Network - Burnham Park,610150,Ross,344,1,0.3,341,99.1,0,0.0,0,0.0,2,0.6,0,0.0,0,0.0,0,0.0,0,0.0,,,
ES Network - Burnham Park,610169,Sexton,359,0,0.0,354,98.6,0,0.0,0,0.0,4,1.1,1,0.3,0,0.0,0,0.0,0,0.0,,,
ES Network - Burnham Park,610175,Shoesmith,345,3,0.9,329,95.4,0,0.0,0,0.0,9,2.6,1,0.3,2,0.6,0,0.0,1,0.3,,,
ES Network - Burnham Park,609990,South Loop,815,220,27.0,377,46.3,0,0.0,1,0.1,73,9.0,37,4.5,79,9.7,24,2.9,4,0.5,,,
ES Network - Burnham Park,610065,Till,492,0,0.0,482,98.0,0,0.0,0,0.0,6,1.2,0,0.0,0,0.0,0,0.0,4,0.8,,,
ES Network - Burnham Park,610213,Wadsworth,251,0,0.0,247,98.4,0,0.0,1,0.4,1,0.4,2,0.8,0,0.0,0,0.0,0,0.0,,,
ES Network - Burnham Park,610110,Wells Prep,198,0,0.0,155,78.3,0,0.0,0,0.0,1,0.5,1,0.5,0,0.0,0,0.0,41,20.7,,,
ES Network - Burnham Park,610232,Williams,256,1,0.4,251,98.0,0,0.0,0,0.0,3,1.2,1,0.4,0,0.0,0,0.0,0,0.0,,,
ES Network - Burnham Park,610336,Williams Middle,127,0,0.0,126,99.2,0,0.0,0,0.0,1,0.8,0,0.0,0,0.0,0,0.0,0,0.0,,,
ES Network - Burnham Park,609977,Woodlawn,244,0,0.0,238,97.5,0,0.0,0,0.0,4,1.6,1,0.4,0,0.0,0,0.0,1,0.4,,,
ES Network - Burnham Park,610345,Woodson South,370,0,0.0,360,97.3,0,0.0,0,0.0,9,2.4,0,0.0,0,0.0,0,0.0,1,0.3,,,
ES Network - Englewood-Gresham,609775,Altgeld,443,0,0.0,436,98.4,0,0.0,0,0.0,5,1.1,2,0.5,0,0.0,0,0.0,0,0.0,,,
ES Network - Englewood-Gresham,610265,Banneker,337,0,0.0,332,98.5,0,0.0,0,0.0,4,1.2,1,0.3,0,0.0,0,0.0,0,0.0,,,
ES Network - Englewood-Gresham,609790,Barton,643,2,0.3,637,99.1,0,0.0,0,0.0,4,0.6,0,0.0,0,0.0,0,0.0,0,0.0,,,
ES Network - Englewood-Gresham,609791,Bass,336,0,0.0,331,98.5,0,0.0,0,0.0,3,0.9,2,0.6,0,0.0,0,0.0,0,0.0,,,
ES Network - Englewood-Gresham,610238,Bond,478,1,0.2,462,96.7,0,0.0,0,0.0,14,2.9,0,0.0,0,0.0,0,0.0,1,0.2,,,
ES Network - Englewood-Gresham,610161,Bontemps,314,0,0.0,313,99.7,0,0.0,0,0.0,1,0.3,0,0.0,0,0.0,0,0.0,0,0.0,,,
ES Network - Englewood-Gresham,609864,Cook,459,0,0.0,455,99.1,0,0.0,0,0.0,2,0.4,2,0.4,0,0.0,0,0.0,0,0.0,,,
ES Network - Englewood-Gresham,609869,Copernicus,325,0,0.0,321,98.8,0,0.0,0,0.0,3,0.9,0,0.0,0,0.0,1,0.3,0,0.0,,,
ES Network - Englewood-Gresham,610003,Cuffe,458,0,0.0,449,98.0,0,0.0,0,0.0,6,1.3,3,0.7,0,0.0,0,0.0,0,0.0,,,
ES Network - Englewood-Gresham,610521,Davis M. Magnet,291,0,0.0,279,95.9,0,0.0,0,0.0,8,2.7,1,0.3,1,0.3,0,0.0,2,0.7,,,
ES Network - Englewood-Gresham,609897,Earle,358,0,0.0,348,97.2,0,0.0,0,0.0,10,2.8,0,0.0,0,0.0,0,0.0,0,0.0,,,
ES Network - Englewood-Gresham,609927,Foster Park,401,2,0.5,394,98.3,0,0.0,0,0.0,4,1.0,1,0.2,0,0.0,0,0.0,0,0.0,,,
ES Network - Englewood-Gresham,609913,Goodlow Magnet,378,0,0.0,361,95.5,0,0.0,0,0.0,8,2.1,3,0.8,0,0.0,0,0.0,6,1.6,,,
ES Network - Englewood-Gresham,609955,Gresham,341,0,0.0,337,98.8,0,0.0,1,0.3,2,0.6,1,0.3,0,0.0,0,0.0,0,0.0,,,
ES Network - Englewood-Gresham,609986,Henderson,356,0,0.0,352,98.9,0,0.0,0,0.0,2,0.6,1,0.3,0,0.0,0,0.0,1,0.3,,,
ES Network - Englewood-Gresham,610299,Hinton,281,2,0.7,253,90.0,0,0.0,0,0.0,7,2.5,0,0.0,0,0.0,0,0.0,19,6.8,,,
ES Network - Englewood-Gresham,609997,Holmes,288,0,0.0,284,98.6,0,0.0,0,0.0,3,1.0,1,0.3,0,0.0,0,0.0,0,0.0,,,
ES Network - Englewood-Gresham,610369,Jackson M.,302,0,0.0,298,98.7,0,0.0,0,0.0,3,1.0,1,0.3,0,0.0,0,0.0,0,0.0,,,
ES Network - Englewood-Gresham,609805,Joplin,493,0,0.0,484,98.2,0,0.0,0,0.0,5,1.0,3,0.6,1,0.2,0,0.0,0,0.0,,,
ES Network - Englewood-Gresham,610019,Kershaw Magnet,260,0,0.0,254,97.7,0,0.0,0,0.0,6,2.3,0,0.0,0,0.0,0,0.0,0,0.0,,,
ES Network - Englewood-Gresham,610290,Mays,307,0,0.0,301,98.0,0,0.0,0,0.0,4,1.3,1,0.3,0,0.0,0,0.0,1,0.3,,,
ES Network - Englewood-Gresham,610072,Morgan,236,0,0.0,229,97.0,0,0.0,0,0.0,5,2.1,0,0.0,0,0.0,1,0.4,1,0.4,,,
ES Network - Englewood-Gresham,609793,Nicholson,469,0,0.0,466,99.4,0,0.0,0,0.0,1,0.2,1,0.2,0,0.0,1,0.2,0,0.0,,,
ES Network - Englewood-Gresham,610102,Oglesby,442,0,0.0,440,99.5,0,0.0,0,0.0,2,0.5,0,0.0,0,0.0,0,0.0,0,0.0,,,
ES Network - Englewood-Gresham,610108,O'Toole,434,1,0.2,415,95.6,0,0.0,0,0.0,16,3.7,0,0.0,1,0.2,1,0.2,0,0.0,,,
ES Network - Englewood-Gresham,610112,Parker,836,1,0.1,809,96.8,0,0.0,2,0.2,21,2.5,2,0.2,0,0.0,0,0.0,1,0.1,,,
ES Network - Englewood-Gresham,609941,Randolph Magnet,538,2,0.4,520,96.7,0,0.0,0,0.0,14,2.6,1,0.2,0,0.0,1,0.2,0,0.0,,,
ES Network - Englewood-Gresham,610153,Ryder,305,1,0.3,284,93.1,0,0.0,0,0.0,1,0.3,0,0.0,0,0.0,0,0.0,19,6.2,,,
ES Network - Englewood-Gresham,610173,Sherwood,312,0,0.0,304,97.4,0,0.0,0,0.0,5,1.6,2,0.6,0,0.0,0,0.0,1,0.3,,,
ES Network - Englewood-Gresham,610339,Stagg,535,0,0.0,515,96.3,0,0.0,1,0.2,5,0.9,2,0.4,2,0.4,0,0.0,10,1.9,,,
ES Network - Englewood-Gresham,610223,Wentworth,333,0,0.0,323,97.0,0,0.0,4,1.2,4,1.2,2,0.6,0,0.0,0,0.0,0,0.0,,,
ES Network - Englewood-Gresham,610285,Woods,371,1,0.3,365,98.4,0,0.0,0,0.0,3,0.8,1,0.3,0,0.0,1,0.3,0,0.0,,,
ES Network - Fullerton,609780,Ames Middle,480,7,1.5,28,5.8,0,0.0,3,0.6,440,91.7,1,0.2,0,0.0,0,0.0,1,0.2,,,
ES Network - Fullerton,609789,Barry,804,15,1.9,6,0.7,0,0.0,2,0.2,763,94.9,9,1.1,9,1.1,0,0.0,0,0.0,,,
ES Network - Fullerton,609922,Belmont-Cragin,613,21,3.4,11,1.8,0,0.0,4,0.7,474,77.3,4,0.7,2,0.3,1,0.2,96,15.7,,,
ES Network - Fullerton,609809,Brentano,426,21,4.9,18,4.2,0,0.0,2,0.5,361,84.7,2,0.5,1,0.2,0,0.0,21,4.9,,,
ES Network - Fullerton,609818,Burbank,999,13,1.3,67,6.7,0,0.0,6,0.6,897,89.8,4,0.4,8,0.8,4,0.4,0,0.0,,,
ES Network - Fullerton,610539,Camras,985,74,7.5,11,1.1,0,0.0,11,1.1,872,88.5,5,0.5,10,1.0,0,0.0,2,0.2,,,
ES Network - Fullerton,609853,Chase,511,17,3.3,17,3.3,0,0.0,1,0.2,469,91.8,1,0.2,1,0.2,1,0.2,4,0.8,,,
ES Network - Fullerton,609875,Darwin,584,17,2.9,59,10.1,0,0.00,0,0.0,505,86.5,1,0.2,2,0.3,0,0.0,0,0.0,,,
ES Network - Fullerton,609896,Drummond Magnet,353,124,35.1,19,5.4,0,0.0,0,0.0,163,46.2,26,7.4,19,5.4,0,0.0,2,0.6,,,
ES Network - Fullerton,609910,Falconer,"1,441",58,4.0,20,1.4,0,0.0,5,0.3,"1,328",92.2,4,0.3,13,0.9,4,0.3,9,0.6,,,
ES Network - Fullerton,609926,Franklin Magnet,365,119,32.6,129,35.3,0,0.0,0,0.0,74,20.3,20,5.5,23,6.3,0,0.0,0,0.0,,,
ES Network - Fullerton,609930,Funston,623,6,1.0,83,13.3,0,0.0,2,0.3,525,84.3,2,0.3,1,0.2,0,0.0,4,0.6,,,
ES Network - Fullerton,609942,Goethe,799,78,9.8,25,3.1,0,0.0,15,1.9,653,81.7,18,2.3,2,0.3,0,0.0,8,1.0,,,
ES Network - Fullerton,610068,Hanson Park,"1,569",26,1.7,52,3.3,0,0.0,7,0.4,"1,477",94.1,3,0.2,0,0.0,0,0.0,4,0.3,,,
ES Network - Fullerton,610012,Jenner,317,0,0.0,312,98.4,0,0.0,0,0.0,4,1.3,0,0.0,1,0.3,0,0.0,0,0.0,,,
ES Network - Fullerton,610033,LaSalle Magnet,577,197,34.1,154,26.7,0,0.0,0,0.0,124,21.5,51,8.8,50,8.7,1,0.2,0,0.0,,,
ES Network - Fullerton,610038,Lincoln,781,502,64.3,95,12.2,0,0.0,7,0.9,66,8.5,59,7.6,52,6.7,0,0.0,0,0.0,,,
ES Network - Fullerton,610039,Linne,696,31,4.5,10,1.4,0,0.0,1,0.1,633,90.9,9,1.3,11,1.6,0,0.0,1,0.1,,,
ES Network - Fullerton,610040,Lloyd,"1,289",13,1.0,28,2.2,0,0.0,4,0.3,"1,231",95.5,3,0.2,3,0.2,0,0.0,7,0.5,,,
ES Network - Fullerton,610041,Locke J.,"1,323",143,10.8,26,2.0,0,0.0,15,1.1,"1,075",81.3,3,0.2,38,2.9,10,0.8,13,1.0,,,
ES Network - Fullerton,610325,Logandale Middle,950,21,2.2,51,5.4,0,0.0,0,0.0,865,91.1,6,0.6,6,0.6,1,0.1,0,0.0,,,
ES Network - Fullerton,610541,Lorca,901,36,4.0,17,1.9,0,0.0,5,0.6,816,90.6,6,0.7,7,0.8,1,0.1,13,1.4,,,
ES Network - Fullerton,610046,Lyon,"1,403",84,6.0,32,2.3,0,0.0,16,1.1,"1,234",88.0,9,0.6,23,1.6,1,0.1,4,0.3,,,
ES Network - Fullerton,610048,Manierre,351,0,0.0,342,97.4,0,0.0,0,0.0,4,1.1,1,0.3,1,0.3,0,0.0,3,0.9,,,
ES Network - Fullerton,610059,Mayer Magnet,599,306,51.1,119,19.9,1,0.2,3,0.5,122,20.4,17,2.8,15,2.5,4,0.7,12,2.0,,,
ES Network - Fullerton,609968,McAuliffe,733,13,1.8,39,5.3,0,0.0,1,0.1,674,92.0,1,0.1,0,0.0,0,0.0,5,0.7,,,
ES Network - Fullerton,610074,Monroe,"1,115",19,1.7,29,2.6,0,0.0,1,0.1,"1,059",95.0,3,0.3,3,0.3,1,0.1,0,0.0,,,
ES Network - Fullerton,610088,Mozart,791,10,1.3,42,5.3,0,0.0,0,0.0,727,91.9,1,0.1,0,0.0,1,0.1,10,1.3,,,
ES Network - Fullerton,610095,Newberry Magnet,565,140,24.8,211,37.3,0,0.0,1,0.2,163,28.8,21,3.7,27,4.8,1,0.2,1,0.2,,,
ES Network - Fullerton,610097,Nixon,"1,099",8,0.7,36,3.3,0,0.0,10,0.9,"1,038",94.4,3,0.3,2,0.2,1,0.1,1,0.1,,,
ES Network - Fullerton,610051,Northwest Middle,692,15,2.2,20,2.9,0,0.0,4,0.6,649,93.8,1,0.1,3,0.4,0,0.0,0,0.0,,,
ES Network - Fullerton,610136,Prescott,270,85,31.5,39,14.4,0,0.0,4,1.5,120,44.4,10,3.7,12,4.4,0,0.0,0,0.0,,,
ES Network - Fullerton,610533,Prieto,"1,022",19,1.9,35,3.4,0,0.0,2,0.2,964,94.3,1,0.1,0,0.0,0,0.0,1,0.1,,,
ES Network - Fullerton,610138,Pulaski,900,88,9.8,17,1.9,0,0.0,4,0.4,767,85.2,8,0.9,9,1.0,1,0.1,6,0.7,,,
ES Network - Fullerton,610144,Reilly,"1,177",60,5.1,18,1.5,0,0.0,12,1.0,"1,073",91.2,4,0.3,9,0.8,0,0.0,1,0.1,,,
ES Network - Fullerton,610250,Salazar Bilingual,438,11,2.5,72,16.4,0,0.0,2,0.5,343,78.3,2,0.5,8,1.8,0,0.0,0,0.0,,,
ES Network - Fullerton,610165,Schubert,919,31,3.4,11,1.2,0,0.0,1,0.1,862,93.8,4,0.4,10,1.1,0,0.0,0,0.0,,,
ES Network - Fullerton,610534,Skinner North,301,117,38.9,45,15.0,1,0.3,1,0.3,33,11.0,14,4.7,66,21.9,1,0.3,23,7.6,,,
ES Network - Fullerton,610234,Yates,732,15,2.0,102,13.9,0,0.0,3,0.4,604,82.5,1,0.1,2,0.3,4,0.5,1,0.1,,,
ES Network - Fulton,609812,Brown W.,214,0,0.0,203,94.9,0,0.0,2,0.9,6,2.8,0,0.0,0,0.0,1,0.5,2,0.9,,,
ES Network - Fulton,609828,Burr,350,123,35.1,28,8.0,0,0.0,0,0.0,186,53.1,12,3.4,1,0.3,0,0.0,0,0.0,,,
ES Network - Fulton,609854,Chopin,267,9,3.4,22,8.2,0,0.0,2,0.7,211,79.0,0,0.0,2,0.7,3,1.1,18,6.7,,,
ES Network - Fulton,609863,Columbus,298,169,56.7,17,5.7,0,0.0,1,0.3,106,35.6,5,1.7,0,0.0,0,0.0,0,0.0,,,
ES Network - Fulton,610313,De Diego,807,16,2.0,82,10.2,0,0.0,4,0.5,681,84.4,6,0.7,8,1.0,0,0.0,10,1.2,,,
ES Network - Fulton,610252,Dett,202,1,0.5,199,98.5,0,0.0,0,0.0,2,1.0,0,0.0,0,0.0,0,0.0,0,0.0,,,
ES Network - Fulton,610009,Galileo Magnet,603,49,8.1,128,21.2,0,0.0,1,0.2,381,63.2,16,2.7,24,4.0,3,0.5,1,0.2,,,
ES Network - Fulton,609989,Herbert,355,0,0.0,326,91.8,0,0.0,0,0.0,12,3.4,7,2.0,2,0.6,0,0.0,8,2.3,,,
ES Network - Fulton,610121,Irving,451,14,3.1,293,65.0,0,0.0,1,0.2,126,27.9,6,1.3,10,2.2,0,0.0,1,0.2,,,
ES Network - Fulton,610060,Jackson A. Magnet,561,135,24.1,130,23.2,4,0.7,2,0.4,146,26.0,16,2.9,124,22.1,0,0.0,4,0.7,,,
ES Network - Fulton,610023,King EL,284,1,0.4,219,77.1,0,0.0,0,0.0,51,18.0,0,0.0,1,0.4,0,0.0,12,4.2,,,
ES Network - Fulton,610031,Lafayette,470,11,2.3,160,34.0,0,0.0,2,0.4,287,61.1,8,1.7,2,0.4,0,0.0,0,0.0,,,
ES Network - Fulton,610520,LaSalle II Magnet,630,169,26.8,135,21.4,0,0.0,2,0.3,289,45.9,14,2.2,19,3.0,1,0.2,1,0.2,,,
ES Network - Fulton,610029,Lozano Bilingual,311,12,3.9,17,5.5,0,0.0,1,0.3,281,90.4,0,0.0,0,0.0,0,0.0,0,0.0,,,
ES Network - Fulton,610073,Mitchell,345,67,19.4,36,10.4,0,0.0,5,1.4,222,64.3,5,1.4,3,0.9,4,1.2,3,0.9,,,
ES Network - Fulton,610075,Montefiore,27,0,0.0,20,74.1,0,0.0,0,0.0,7,25.9,0,0.0,0,0.0,0,0.0,0,0.0,,,
ES Network - Fulton,610076,Moos,429,10,2.3,43,10.0,0,0.0,2,0.5,365,85.1,1,0.2,6,1.4,0,0.0,2,0.5,,,
ES Network - Fulton,610085,Nr North SPED Ctr,90,3,3.3,61,67.8,0,0.0,0,0.0,25,27.8,1,1.1,0,0.0,0,0.0,0,0.0,,,
ES Network - Fulton,610107,Otis,471,22,4.7,85,18.0,0,0.0,3,0.6,354,75.2,6,1.3,1,0.2,0,0.0,0,0.0,,,
ES Network - Fulton,610119,Peabody,266,2,0.8,59,22.2,0,0.0,1,0.4,201,75.6,2,0.8,0,0.0,0,0.0,1,0.4,,,
ES Network - Fulton,610229,Pritzker,676,169,25.0,232,34.3,0,0.0,1,0.1,216,32.0,31,4.6,23,3.4,2,0.3,2,0.3,,,
ES Network - Fulton,610320,Roque De Duprey,92,3,3.3,27,29.3,0,0.0,0,0.0,62,67.4,0,0.0,0,0.0,0,0.0,0,0.0,,,
ES Network - Fulton,610308,Rudolph Lrng Ctr,96,5,5.2,36,37.5,0,0.0,0,0.0,49,51.0,2,2.1,1,1.0,0,0.0,3,3.1,,,
ES Network - Fulton,610342,Sabin Magnet,602,8,1.3,90,15.0,0,0.0,7,1.2,485,80.6,6,1.0,4,0.7,0,0.0,2,0.3,,,
ES Network - Fulton,610177,Skinner Classical,846,153,18.1,329,38.9,4,0.5,4,0.5,102,12.1,22,2.6,156,18.4,2,0.2,74,8.7,,,
ES Network - Fulton,610180,Smyth J.,473,4,0.8,440,93.0,0,0.0,0,0.0,17,3.6,1,0.2,3,0.6,1,0.2,7,1.5,,,
ES Network - Fulton,610548,STEM Elementary,292,54,18.5,97,33.2,0,0.0,1,0.3,78,26.7,7,2.4,50,17.1,2,0.7,3,1.0,,,
ES Network - Fulton,610405,Suder Montessori,388,68,17.5,220,56.7,0,0.0,1,0.3,62,16.0,15,3.9,19,4.9,0,0.0,3,0.8,,,
ES Network - Fulton,610197,Talcott,558,41,7.3,43,7.7,0,0.0,1,0.2,447,80.1,13,2.3,5,0.9,0,0.0,8,1.4,,,
ES Network - Fulton,610210,Von Humboldt,362,2,0.6,163,45.0,0,0.0,2,0.6,179,49.4,0,0.0,0,0.0,1,0.3,15,4.1,,,
ES Network - Garfield-Humboldt,609797,Beidler,434,0,0.0,421,97.0,0,0.0,1,0.2,12,2.8,0,0.0,0,0.0,0,0.0,0,0.0,,,
ES Network - Garfield-Humboldt,610243,Calhoun North,314,0,0.0,312,99.4,0,0.0,0,0.0,1,0.3,1,0.3,0,0.0,0,0.0,0,0.0,,,
ES Network - Garfield-Humboldt,609835,Cameron,835,6,0.7,307,36.8,0,0.0,0,0.0,517,61.9,3,0.4,0,0.0,1,0.1,1,0.1,,,
ES Network - Garfield-Humboldt,610021,Casals,463,4,0.9,233,50.3,0,0.0,0,0.0,220,47.5,6,1.3,0,0.0,0,0.0,0,0.0,,,
ES Network - Garfield-Humboldt,610251,Cather,237,0,0.0,230,97.0,0,0.0,0,0.0,6,2.5,0,0.0,0,0.0,0,0.0,1,0.4,,,
ES Network - Garfield-Humboldt,609881,Delano,395,0,0.0,390,98.7,0,0.0,0,0.0,5,1.3,0,0.0,0,0.0,0,0.0,0,0.0,,,
ES Network - Garfield-Humboldt,609907,Ericson Magnet,510,0,0.0,499,97.8,0,0.0,0,0.0,4,0.8,0,0.0,1,0.2,0,0.0,6,1.2,,,
ES Network - Garfield-Humboldt,610055,Faraday,184,0,0.0,181,98.4,0,0.0,0,0.0,1,0.5,0,0.0,0,0.0,0,0.0,2,1.1,,,
ES Network - Garfield-Humboldt,400095,Garfield Park Prep Acad,154,0,0.0,150,97.4,0,0.0,0,0.0,3,1.9,1,0.6,0,0.0,0,0.0,0,0.0,,,
ES Network - Garfield-Humboldt,610348,Goldblatt,236,0,0.0,230,97.5,0,0.0,0,0.0,5,2.1,1,0.4,0,0.0,0,0.0,0,0.0,,,
ES Network - Garfield-Humboldt,609954,Gregory,330,0,0.0,324,98.2,0,0.0,0,0.0,3,0.9,1,0.3,0,0.0,0,0.0,2,0.6,,,
ES Network - Garfield-Humboldt,609985,Hefferan,251,0,0.0,245,97.6,0,0.0,2,0.8,2,0.8,0,0.0,1,0.4,0,0.0,1,0.4,,,
ES Network - Garfield-Humboldt,610271,Jensen Magnet,349,0,0.0,334,95.7,0,0.0,0,0.0,2,0.6,0,0.0,0,0.0,0,0.0,13,3.7,,,
ES Network - Garfield-Humboldt,609925,Kellman,274,0,0.0,260,94.9,0,0.0,0,0.0,5,1.8,3,1.1,0,0.0,1,0.4,5,1.8,,,
ES Network - Garfield-Humboldt,610044,Lowell,568,15,2.6,146,25.7,0,0.0,0,0.0,404,71.1,0,0.0,0,0.0,0,0.0,3,0.5,,,
ES Network - Garfield-Humboldt,610241,Marconi,233,0,0.0,233,100.0,0,0.0,0,0.0,0,0.0,0,0.0,0,0.0,0,0.0,0,0.0,,,
ES Network - Garfield-Humboldt,610293,Melody,293,0,0.0,285,97.3,0,0.0,0,0.0,2,0.7,1,0.3,0,0.0,0,0.0,5,1.7,,,
ES Network - Garfield-Humboldt,610098,Nobel,848,2,0.2,128,15.1,0,0.0,6,0.7,704,83.0,4,0.5,0,0.0,0,0.0,4,0.5,,,
ES Network - Garfield-Humboldt,610106,Piccolo,513,2,0.4,315,61.4,0,0.0,1,0.2,192,37.4,2,0.4,0,0.0,1,0.2,0,0.0,,,
ES Network - Garfield-Humboldt,610154,Ryerson,399,0,0.0,388,97.2,0,0.0,1,0.3,10,2.5,0,0.0,0,0.0,0,0.0,0,0.0,,,
ES Network - Garfield-Humboldt,610192,Stowe,806,9,1.1,56,6.9,0,0.0,7,0.9,724,89.8,3,0.4,0,0.0,0,0.0,7,0.9,,,
ES Network - Garfield-Humboldt,610194,Sumner,375,0,0.0,361,96.3,0,0.0,0,0.0,5,1.3,0,0.0,1,0.3,0,0.0,8,2.1,,,
ES Network - Garfield-Humboldt,610202,Tilton,303,0,0.0,300,99.0,0,0.0,0,0.0,2,0.7,0,0.0,0,0.0,0,0.0,1,0.3,,,
ES Network - Garfield-Humboldt,610133,Ward L.,398,4,1.0,382,96.0,0,0.0,0,0.0,11,2.8,1,0.3,0,0.0,0,0.0,0,0.0,,,
ES Network - Garfield-Humboldt,610221,Webster,338,0,0.0,293,86.7,0,0.0,0,0.0,2,0.6,0,0.0,0,0.0,0,0.0,43,12.7,,,
ES Network - Garfield-Humboldt,610100,West Park,680,4,0.6,210,30.9,0,0.0,1,0.1,463,68.1,1,0.1,0,0.0,0,0.0,1,0.1,,,
ES Network - Lake Calumet,609772,Addams,901,26,2.9,11,1.2,0,0.0,0,0.0,857,95.1,4,0.4,1,0.1,0,0.0,2,0.2,,,
ES Network - Lake Calumet,609848,Aldridge,250,0,0.0,247,98.8,0,0.0,0,0.0,3,1.2,0,0.0,0,0.0,0,0.0,0,0.0,,,
ES Network - Lake Calumet,609811,Bright,307,1,0.3,198,64.5,0,0.0,0,0.0,88,28.7,2,0.7,0,0.0,0,0.0,18,5.9,,,
ES Network - Lake Calumet,610091,Brown R.,289,0,0.0,285,98.6,0,0.0,0,0.0,3,1.0,0,0.0,0,0.0,0,0.0,1,0.3,,,
ES Network - Lake Calumet,609821,Burnham,268,0,0.0,266,99.3,0,0.0,0,0.0,2,0.7,0,0.0,0,0.0,0,0.0,0,0.0,,,
ES Network - Lake Calumet,609845,Carver Elementary,527,1,0.2,519,98.5,0,0.0,0,0.0,5,0.9,1,0.2,0,0.0,0,0.0,1,0.2,,,
ES Network - Lake Calumet,609856,Clay,617,74,12.0,57,9.2,0,0.0,3,0.5,464,75.2,15,2.4,4,0.6,0,0.0,0,0.0,,,
ES Network - Lake Calumet,610199,Colemon J.,272,0,0.0,258,94.9,0,0.0,0,0.0,14,5.1,0,0.0,0,0.0,0,0.0,0,0.0,,,
ES Network - Lake Calumet,610364,DuBois,174,2,1.1,161,92.5,0,0.0,0,0.0,7,4.0,3,1.7,0,0.0,1,0.6,0,0.0,,,
ES Network - Lake Calumet,609935,Gallistel Magnet,"1,393",13,0.9,24,1.7,0,0.0,10,0.7,"1,344",96.5,2,0.1,0,0.0,0,0.0,0,0.0,,,
ES Network - Lake Calumet,609943,Gompers,246,0,0.0,245,99.6,0,0.0,0,0.0,1,0.4,0,0.0,0,0.0,0,0.0,0,0.0,,,
ES Network - Lake Calumet,609944,Grissom,326,79,24.2,17,5.2,0,0.0,3,0.9,225,69.0,2,0.6,0,0.0,0,0.0,0,0.0,,,
ES Network - Lake Calumet,610295,Higgins,383,0,0.0,379,99.0,0,0.0,0,0.0,1,0.3,1,0.3,0,0.0,0,0.0,2,0.5,,,
ES Network - Lake Calumet,610045,Lawrence,398,0,0.0,389,97.7,0,0.0,0,0.0,5,1.3,3,0.8,0,0.0,0,0.0,1,0.3,,,
ES Network - Lake Calumet,610054,Marsh,850,9,1.1,41,4.8,0,0.0,4,0.5,791,93.1,2,0.2,0,0.0,1,0.1,2,0.2,,,
ES Network - Lake Calumet,609902,Metcalfe,452,0,0.0,452,100.0,0,0.0,0,0.0,0,0.0,0,0.0,0,0.0,0,0.0,0,0.0,,,
ES Network - Lake Calumet,609932,Owens,328,0,0.0,322,98.2,0,0.0,0,0.0,6,1.8,0,0.0,0,0.0,0,0.0,0,0.0,,,
ES Network - Lake Calumet,610132,Poe Classical,193,3,1.6,181,93.8,0,0.0,0,0.0,7,3.6,2,1.0,0,0.0,0,0.0,0,0.0,,,
ES Network - Lake Calumet,610139,Pullman,257,0,0.0,192,74.7,0,0.0,0,0.0,60,23.3,1,0.4,0,0.0,0,0.0,4,1.6,,,
ES Network - Lake Calumet,610178,Schmid,187,0,0.0,174,93.0,0,0.0,1,0.5,9,4.8,1,0.5,0,0.0,0,0.0,2,1.1,,,
ES Network - Lake Calumet,609978,Smith W.,339,2,0.6,332,97.9,0,0.0,0,0.0,3,0.9,1,0.3,0,0.0,0,0.0,1,0.3,,,
ES Network - Lake Calumet,610160,Songhai,317,1,0.3,304,95.9,0,0.0,0,0.0,11,3.5,1,0.3,0,0.0,0,0.0,0,0.0,,,
ES Network - Lake Calumet,610198,Taylor,604,7,1.2,59,9.8,0,0.0,6,1.0,532,88.1,0,0.0,0,0.0,0,0.0,0,0.0,,,
ES Network - Lake Calumet,610219,Washington G.,829,71,8.6,14,1.7,0,0.0,9,1.1,727,87.7,3,0.4,3,0.4,0,0.0,2,0.2,,,
ES Network - Lake Calumet,610224,West Pullman,301,0,0.0,296,98.3,0,0.0,0,0.0,3,1.0,0,0.0,0,0.0,0,0.0,2,0.7,,,
ES Network - Lake Calumet,610225,Whistler,324,1,0.3,321,99.1,0,0.0,1,0.3,1,0.3,0,0.0,0,0.0,0,0.0,0,0.0,,,
ES Network - Lake Calumet,610315,White,137,0,0.0,129,94.2,0,0.0,0,0.0,1,0.7,0,0.0,0,0.0,0,0.0,7,5.1,,,
ES Network - Midway,610287,Ashburn,461,2,0.4,385,83.5,0,0.0,0,0.0,63,13.7,10,2.2,1,0.2,0,0.0,0,0.0,,,
ES Network - Midway,610544,Azuela,935,27,2.9,12,1.3,0,0.0,6,0.6,882,94.3,3,0.3,2,0.2,0,0.0,3,0.3,,,
ES Network - Midway,610087,Blair,147,32,21.8,32,21.8,0,0.0,1,0.7,78,53.1,0,0.0,3,2.0,1,0.7,0,0.0,,,
ES Network - Midway,609832,Byrne,664,286,43.1,5,0.8,0,0.0,2,0.3,366,55.1,5,0.8,0,0.0,0,0.0,0,0.0,,,
ES Network - Midway,609839,Carroll,557,1,0.2,527,94.6,0,0.0,1,0.2,26,4.7,1,0.2,0,0.0,1,0.2,0,0.0,,,
ES Network - Midway,609842,Carson,"1,247",5,0.4,45,3.6,0,0.0,16,1.3,"1,179",94.5,2,0.2,0,0.0,0,0.0,0,0.0,,,
ES Network - Midway,609855,Christopher,290,19,6.6,68,23.4,0,0.0,3,1.0,199,68.6,0,0.0,0,0.0,0,0.0,1,0.3,,,
ES Network - Midway,610347,Claremont,507,1,0.2,480,94.7,0,0.0,0,0.0,23,4.5,0,0.0,0,0.0,3,0.6,0,0.0,,,
ES Network - Midway,609879,Dawes,"1,051",12,1.1,216,20.6,0,0.0,11,1.0,799,76.0,3,0.3,3,0.3,2,0.2,5,0.5,,,
ES Network - Midway,609893,Dore,640,229,35.8,18,2.8,0,0.0,1,0.2,376,58.8,3,0.5,6,0.9,2,0.3,5,0.8,,,
ES Network - Midway,610352,Durkin Park,585,37,6.3,73,12.5,0,0.0,6,1.0,462,79.0,4,0.7,0,0.0,0,0.0,3,0.5,,,
ES Network - Midway,609898,Eberhart,"1,694",38,2.2,83,4.9,0,0.0,4,0.2,"1,564",92.3,5,0.3,0,0.0,0,0.0,0,0.0,,,
ES Network - Midway,609903,Edwards,"1,506",54,3.6,7,0.5,0,0.0,12,0.8,"1,424",94.6,2,0.1,4,0.3,3,0.2,0,0.0,,,
ES Network - Midway,610057,Fairfield,592,2,0.3,230,38.9,0,0.0,7,1.2,350,59.1,3,0.5,0,0.0,0,0.0,0,0.0,,,
ES Network - Midway,609956,Grimes,476,76,16.0,4,0.8,0,0.0,0,0.0,387,81.3,3,0.6,4,0.8,0,0.0,2,0.4,,,
ES Network - Midway,609960,Hale,881,260,29.5,2,0.2,0,0.0,10,1.1,590,67.0,6,0.7,11,1.2,2,0.2,0,0.0,,,
ES Network - Midway,609807,Hampton,645,3,0.5,310,48.1,0,0.0,7,1.1,316,49.0,6,0.9,0,0.0,0,0.0,3,0.5,,,
ES Network - Midway,609981,Hearst,363,2,0.6,162,44.6,0,0.0,0,0.0,194,53.4,5,1.4,0,0.0,0,0.0,0,0.0,,,
ES Network - Midway,610532,Hernandez,990,10,1.0,26,2.6,0,0.0,4,0.4,948,95.8,1,0.1,0,0.0,0,0.0,1,0.1,,,
ES Network - Midway,610006,Hurley,849,5,0.6,10,1.2,0,0.0,0,0.0,834,98.2,0,0.0,0,0.0,0,0.0,0,0.0,,,
ES Network - Midway,610026,Kinzie,703,219,31.2,25,3.6,0,0.0,5,0.7,451,64.2,3,0.4,0,0.0,0,0.0,0,0.0,,,
ES Network - Midway,610291,Lee,876,24,2.7,10,1.1,0,0.0,5,0.6,836,95.4,0,0.0,0,0.0,0,0.0,1,0.1,,,
ES Network - Midway,610053,Marquette,"1,332",14,1.1,528,39.6,0,0.0,4,0.3,736,55.3,3,0.2,0,0.0,0,0.0,47,3.5,,,
ES Network - Midway,610067,McKay,845,2,0.2,720,85.2,0,0.0,4,0.5,113,13.4,3,0.4,0,0.0,2,0.2,1,0.1,,,
ES Network - Midway,610077,Morrill,836,2,0.2,358,42.8,0,0.0,0,0.0,418,50.0,6,0.7,0,0.0,0,0.0,52,6.2,,,
ES Network - Midway,610096,Nightingale,"1,399",11,0.8,7,0.5,0,0.0,3,0.2,"1,378",98.5,0,0.0,0,0.0,0,0.0,0,0.0,,,
ES Network - Midway,610109,Owen Magnet,240,3,1.3,212,88.3,0,0.0,1,0.4,17,7.1,6,2.5,0,0.0,1,0.4,0,0.0,,,
ES Network - Midway,610117,Pasteur,"1,237",56,4.5,9,0.7,0,0.0,12,1.0,"1,134",91.7,9,0.7,13,1.1,2,0.2,2,0.2,,,
ES Network - Midway,610120,Peck,"1,564",39,2.5,7,0.4,0,0.0,9,0.6,"1,503",96.1,2,0.1,4,0.3,0,0.0,0,0.0,,,
ES Network - Midway,610226,Sandoval,"1,208",21,1.7,15,1.2,0,0.0,3,0.2,"1,165",96.4,0,0.0,2,0.2,0,0.0,2,0.2,,,
ES Network - Midway,610157,Sawyer,"1,887",22,1.2,13,0.7,0,0.0,4,0.2,"1,847",97.9,1,0.1,0,0.0,0,0.0,0,0.0,,,
ES Network - Midway,610185,Stevenson,"1,275",65,5.1,78,6.1,0,0.0,9,0.7,"1,115",87.5,3,0.2,3,0.2,1,0.1,1,0.1,,,
ES Network - Midway,610249,Talman,382,0,0.0,4,1.0,0,0.0,0,0.0,374,97.9,0,0.0,0,0.0,0,0.0,4,1.0,,,
ES Network - Midway,610203,Tonti,979,7,0.7,34,3.5,0,0.0,4,0.4,930,95.0,3,0.3,1,0.1,0,0.0,0,0.0,,,
ES Network - Midway,610206,Twain,"1,198",267,22.3,10,0.8,0,0.0,0,0.0,908,75.8,8,0.7,5,0.4,0,0.0,0,0.0,,,
ES Network - O'Hare,610212,Albany Park Middle,269,18,6.7,12,4.5,0,0.0,0,0.0,213,79.2,3,1.1,23,8.6,0,0.0,0,0.0,,,
ES Network - O'Hare,609792,Bateman,"1,039",91,8.8,28,2.7,0,0.0,5,0.5,769,74.0,5,0.5,50,4.8,1,0.1,90,8.7,,,
ES Network - O'Hare,610083,Beard,160,57,35.6,11,6.9,0,0.0,1,0.6,70,43.8,5,3.1,13,8.1,0,0.0,3,1.9,,,
ES Network - O'Hare,609796,Beaubien,"1,165",427,36.7,19,1.6,1,0.1,5,0.4,484,41.5,55,4.7,165,14.2,4,0.3,5,0.4,,,
ES Network - O'Hare,609798,Belding,665,235,35.3,46,6.9,0,0.0,5,0.8,321,48.3,13,2.0,32,4.8,7,1.1,6,0.9,,,
ES Network - O'Hare,609810,Bridge,"1,030",533,51.7,9,0.9,0,0.0,2,0.2,442,42.9,19,1.8,25,2.4,0,0.0,0,0.0,,,
ES Network - O'Hare,609836,Canty,799,424,53.1,10,1.3,0,0.0,3,0.4,308,38.5,26,3.3,27,3.4,1,0.1,0,0.0,,,
ES Network - O'Hare,609857,Cleveland,716,40,5.6,31,4.3,1,0.1,10,1.4,572,79.9,7,1.0,36,5.0,3,0.4,16,2.2,,,
ES Network - O'Hare,609884,Dever,844,406,48.1,18,2.1,0,0.0,3,0.4,368,43.6,13,1.5,34,4.0,1,0.1,1,0.1,,,
ES Network - O'Hare,609874,Dirksen,785,542,69.0,24,3.1,0,0.0,3,0.4,100,12.7,8,1.0,60,7.6,0,0.0,48,6.1,,,
ES Network - O'Hare,610515,Disney II Magnet,415,195,47.0,37,8.9,0,0.0,2,0.5,148,35.7,9,2.2,21,5.1,1,0.2,2,0.5,,,
ES Network - O'Hare,609899,Ebinger,704,514,73.0,3,0.4,1,0.1,1,0.1,134,19.0,20,2.8,29,4.1,2,0.3,0,0.0,,,
ES Network - O'Hare,609901,Edgebrook,494,330,66.8,13,2.6,0,0.0,2,0.4,76,15.4,14,2.8,52,10.5,7,1.4,0,0.0,,,
ES Network - O'Hare,609794,Edison,269,145,53.9,8,3.0,2,0.7,0,0.0,45,16.7,20,7.4,47,17.5,2,0.7,0,0.0,,,
ES Network - O'Hare,610523,Edison Park,453,331,73.1,2,0.4,1,0.2,1,0.2,90,19.9,2,0.4,22,4.9,2,0.4,2,0.4,,,
ES Network - O'Hare,609912,Farnsworth,597,258,43.2,13,2.2,0,0.0,1,0.2,253,42.4,10,1.7,59,9.9,0,0.0,3,0.5,,,
ES Network - O'Hare,609937,Garvy J.,772,466,60.4,6,0.8,0,0.0,2,0.3,206,26.7,16,2.1,69,8.9,1,0.1,6,0.8,,,
ES Network - O'Hare,609949,Gray,"1,285",148,11.5,20,1.6,0,0.0,7,0.5,"1,064",82.8,13,1.0,30,2.3,0,0.0,3,0.2,,,
ES Network - O'Hare,609972,Haugan,"1,268",73,5.8,48,3.8,0,0.0,7,0.6,"1,050",82.8,11,0.9,69,5.4,4,0.3,6,0.5,,,
ES Network - O'Hare,609988,Henry,653,22,3.4,24,3.7,0,0.0,6,0.9,525,80.4,6,0.9,21,3.2,4,0.6,45,6.9,,,
ES Network - O'Hare,609994,Hibbard,"1,214",65,5.4,73,6.0,0,0.0,6,0.5,934,76.9,18,1.5,113,9.3,1,0.1,4,0.3,,,
ES Network - O'Hare,609995,Hitch,554,232,41.9,8,1.4,0,0.0,2,0.4,235,42.4,16,2.9,60,10.8,0,0.0,1,0.2,,,
ES Network - O'Hare,610321,Marshall Middle,431,16,3.7,22,5.1,0,0.0,2,0.5,376,87.2,3,0.7,9,2.1,2,0.5,1,0.2,,,
ES Network - O'Hare,610089,Murphy,602,71,11.8,15,2.5,0,0.0,2,0.3,487,80.9,12,2.0,13,2.2,1,0.2,1,0.2,,,
ES Network - O'Hare,610354,North River,373,8,2.1,6,1.6,0,0.0,3,0.8,339,90.9,3,0.8,9,2.4,1,0.3,4,1.1,,,
ES Network - O'Hare,610099,Norwood Park,338,227,67.2,1,0.3,0,0.0,3,0.9,86,25.4,14,4.1,6,1.8,0,0.0,1,0.3,,,
ES Network - O'Hare,610104,Onahan,660,420,63.6,6,0.9,0,0.0,5,0.8,196,29.7,18,2.7,14,2.1,1,0.2,0,0.0,,,
ES Network - O'Hare,610105,Oriole Park,652,454,69.6,7,1.1,14,2.1,2,0.3,129,19.8,9,1.4,30,4.6,1,0.2,6,0.9,,,
ES Network - O'Hare,610111,Palmer,971,286,29.5,10,1.0,0,0.0,9,0.9,430,44.3,17,1.8,135,13.9,57,5.9,27,2.8,,,
ES Network - O'Hare,610127,Peterson,855,221,25.8,45,5.3,1,0.1,7,0.8,295,34.5,28,3.3,253,29.6,3,0.4,2,0.2,,,
ES Network - O'Hare,610135,Portage Park,"1,116",384,34.4,27,2.4,0,0.0,12,1.1,636,57.0,16,1.4,29,2.6,5,0.4,7,0.6,,,
ES Network - O'Hare,610137,Prussing,664,320,48.2,8,1.2,1,0.2,4,0.6,276,41.6,6,0.9,29,4.4,4,0.6,16,2.4,,,
ES Network - O'Hare,610145,Reinberg,854,224,26.2,8,0.9,0,0.0,4,0.5,573,67.1,14,1.6,30,3.5,0,0.0,1,0.1,,,
ES Network - O'Hare,610155,Sauganash,560,295,52.7,7,1.3,1,0.2,2,0.4,146,26.1,13,2.3,90,16.1,2,0.4,4,0.7,,,
ES Network - O'Hare,610159,Scammon,893,60,6.7,11,1.2,0,0.0,7,0.8,721,80.7,4,0.4,13,1.5,1,0.1,76,8.5,,,
ES Network - O'Hare,610179,Smyser,"1,013",386,38.1,10,1.0,0,0.0,5,0.5,566,55.9,8,0.8,34,3.4,4,0.4,0,0.0,,,
ES Network - O'Hare,610182,Solomon,364,157,43.1,12,3.3,0,0.0,2,0.5,53,14.6,13,3.6,126,34.6,1,0.3,0,0.0,,,
ES Network - O'Hare,610163,Stock,268,198,73.9,4,1.5,0,0.0,0,0.0,47,17.5,3,1.1,11,4.1,0,0.0,5,1.9,,,
ES Network - O'Hare,610201,Thorp O. A. Magnet,832,252,30.3,95,11.4,1,0.1,10,1.2,334,40.1,36,4.3,69,8.3,3,0.4,32,3.8,,,
ES Network - O'Hare,610209,Volta,"1,006",84,8.3,35,3.5,0,0.0,6,0.6,640,63.6,2,0.2,238,23.7,0,0.0,1,0.1,,,
ES Network - O'Hare,610230,Wildwood Magnet,420,233,55.5,18,4.3,0,0.0,0,0.0,100,23.8,21,5.0,40,9.5,5,1.2,3,0.7,,,
ES Network - Pershing,609777,Armour,359,22,6.1,11,3.1,0,0.0,0,0.0,313,87.2,1,0.3,12,3.3,0,0.0,0,0.0,,,
ES Network - Pershing,610317,Brighton Park,646,9,1.4,6,0.9,0,0.0,3,0.5,622,96.3,4,0.6,2,0.3,0,0.0,0,0.0,,,
ES Network - Pershing,609829,Burroughs,503,16,3.2,4,0.8,0,0.0,0,0.0,482,95.8,0,0.0,1,0.2,0,0.0,0,0.0,,,
ES Network - Pershing,610148,Chavez,937,9,1.0,37,3.9,0,0.0,5,0.5,885,94.5,1,0.1,0,0.0,0,0.0,0,0.0,,,
ES Network - Pershing,610170,Columbia Explorers,"1,052",11,1.0,1,0.1,0,0.0,2,0.2,"1,034",98.3,3,0.3,1,0.1,0,0.0,0,0.0,,,
ES Network - Pershing,610239,Daley,754,4,0.5,104,13.8,0,0.0,0,0.0,646,85.7,0,0.0,0,0.0,0,0.0,0,0.0,,,
ES Network - Pershing,609876,Davis N.,980,15,1.5,13,1.3,0,0.0,0,0.0,946,96.5,2,0.2,2,0.2,2,0.2,0,0.0,,,
ES Network - Pershing,609885,Dewey,334,0,0.0,320,95.8,0,0.0,0,0.0,10,3.0,3,0.9,0,0.0,0,0.0,1,0.3,,,
ES Network - Pershing,609909,Everett,312,12,3.8,5,1.6,0,0.0,0,0.0,282,90.4,4,1.3,5,1.6,0,0.0,4,1.3,,,
ES Network - Pershing,610319,Evergreen Middle,400,16,4.0,11,2.8,0,0.0,0,0.0,367,91.8,3,0.8,2,0.5,1,0.3,0,0.0,,,
ES Network - Pershing,609929,Fulton,471,5,1.1,289,61.4,0,0.0,1,0.2,176,37.4,0,0.0,0,0.0,0,0.0,0,0.0,,,
ES Network - Pershing,609947,Graham A.,498,166,33.3,130,26.1,0,0.0,2,0.4,198,39.8,1,0.2,1,0.2,0,0.0,0,0.0,,,
ES Network - Pershing,609952,Greene N.,622,36,5.8,13,2.1,0,0.0,1,0.2,556,89.4,1,0.2,15,2.4,0,0.0,0,0.0,,,
ES Network - Pershing,609958,Gunsaulus Magnet,843,27,3.2,62,7.4,0,0.0,8,0.9,712,84.5,4,0.5,28,3.3,2,0.2,0,0.0,,,
ES Network - Pershing,609959,Haines,691,2,0.3,72,10.4,0,0.0,0,0.0,9,1.3,5,0.7,593,85.8,10,1.4,0,0.0,,,
ES Network - Pershing,609964,Hamline,637,7,1.1,55,8.6,0,0.0,0,0.0,568,89.2,4,0.6,3,0.5,0,0.0,0,0.0,,,
ES Network - Pershing,609979,Healy,"1,372",138,10.1,10,0.7,0,0.0,0,0.0,364,26.5,15,1.1,810,59.0,35,2.6,0,0.0,,,
ES Network - Pershing,609983,Hedges,868,18,2.1,29,3.3,0,0.0,3,0.3,814,93.8,2,0.2,0,0.0,0,0.0,2,0.2,,,
ES Network - Pershing,609987,Hendricks,287,4,1.4,262,91.3,0,0.0,0,0.0,14,4.9,3,1.0,0,0.0,1,0.3,3,1.0,,,
ES Network - Pershing,609996,Holden,592,56,9.5,40,6.8,0,0.0,2,0.3,396,66.9,12,2.0,86,14.5,0,0.0,0,0.0,,,
ES Network - Pershing,609993,Lara,548,6,1.1,17,3.1,0,0.0,1,0.2,520,94.9,2,0.4,2,0.4,0,0.0,0,0.0,,,
ES Network - Pershing,610037,Libby,544,1,0.2,469,86.2,0,0.0,0,0.0,68,12.5,6,1.1,0,0.0,0,0.0,0,0.0,,,
ES Network - Pershing,610062,McClellan,268,39,14.6,59,22.0,0,0.0,5,1.9,146,54.5,11,4.1,8,3.0,0,0.0,0,0.0,,,
ES Network - Pershing,610353,McKinley Park,839,10,1.2,13,1.5,0,0.0,2,0.2,799,95.2,2,0.2,13,1.5,0,0.0,0,0.0,,,
ES Network - Pershing,610114,Parkman,231,0,0.0,208,90.0,0,0.0,3,1.3,20,8.7,0,0.0,0,0.0,0,0.0,0,0.0,,,
ES Network - Pershing,610167,Seward,854,10,1.2,4,0.5,0,0.0,1,0.1,838,98.1,0,0.0,1,0.1,0,0.0,0,0.0,,,
ES Network - Pershing,610081,Sheridan Magnet,537,169,31.5,89,16.6,0,0.0,1,0.2,112,20.9,18,3.4,145,27.0,1,0.2,2,0.4,,,
ES Network - Pershing,610174,Shields,"1,143",19,1.7,10,0.9,0,0.0,3,0.3,"1,109",97.0,1,0.1,0,0.0,1,0.1,0,0.0,,,
ES Network - Pershing,610559,Shields Middle,770,7,0.9,5,0.6,0,0.0,5,0.6,752,97.7,0,0.0,0,0.0,1,0.1,0,0.0,,,
ES Network - Pershing,610504,Thomas,205,6,2.9,2,1.0,0,0.0,2,1.0,189,92.2,3,1.5,3,1.5,0,0.0,0,0.0,,,
ES Network - Pershing,610217,Ward J.,507,21,4.1,107,21.1,1,0.2,3,0.6,57,11.2,6,1.2,304,60.0,0,0.0,8,1.6,,,
ES Network - Pilsen-Little Village,610024,Cardenas,657,2,0.3,5,0.8,0,0.0,0,0.0,648,98.6,0,0.0,0,0.0,0,0.0,2,0.3,,,
ES Network - Pilsen-Little Village,609826,Castellanos,545,0,0.0,6,1.1,0,0.0,0,0.0,538,98.7,1,0.2,0,0.0,0,0.0,0,0.0,,,
ES Network - Pilsen-Little Village,609867,Cooper,703,5,0.7,8,1.1,0,0.0,4,0.6,668,95.0,1,0.1,3,0.4,0,0.0,14,2.0,,,
ES Network - Pilsen-Little Village,609870,Corkery,614,4,0.7,100,16.3,1,0.2,4,0.7,499,81.3,1,0.2,0,0.0,1,0.2,4,0.7,,,
ES Network - Pilsen-Little Village,609967,Finkl,540,12,2.2,39,7.2,0,0.0,0,0.0,480,88.9,2,0.4,1,0.2,0,0.0,6,1.1,,,
ES Network - Pilsen-Little Village,609938,Gary,"1,194",4,0.3,2,0.2,0,0.0,6,0.5,"1,180",98.8,0,0.0,2,0.2,0,0.0,0,0.0,,,
ES Network - Pilsen-Little Village,609966,Hammond,469,1,0.2,41,8.7,0,0.0,0,0.0,425,90.6,2,0.4,0,0.0,0,0.0,0,0.0,,,
ES Network - Pilsen-Little Village,610015,Jungman,273,0,0.0,6,2.2,0,0.0,4,1.5,263,96.3,0,0.0,0,0.0,0,0.0,0,0.0,,,
ES Network - Pilsen-Little Village,609920,Kanoon Magnet,747,2,0.3,8,1.1,0,0.0,0,0.0,729,97.6,1,0.1,0,0.0,0,0.0,7,0.9,,,
ES Network - Pilsen-Little Village,609834,Little Village,872,5,0.6,0,0.0,0,0.0,1,0.1,863,99.0,0,0.0,0,0.0,0,0.0,3,0.3,,,
ES Network - Pilsen-Little Village,610215,Madero Middle,317,3,0.9,2,0.6,0,0.0,0,0.0,311,98.1,1,0.3,0,0.0,0,0.0,0,0.0,,,
ES Network - Pilsen-Little Village,610063,McCormick,869,2,0.2,1,0.1,0,0.0,3,0.3,862,99.2,0,0.0,0,0.0,0,0.0,1,0.1,,,
ES Network - Pilsen-Little Village,610329,Orozco,621,2,0.3,2,0.3,0,0.0,6,1.0,609,98.1,0,0.0,2,0.3,0,0.0,0,0.0,,,
ES Network - Pilsen-Little Village,609950,Ortiz De Dominguez,768,14,1.8,2,0.3,0,0.0,2,0.3,742,96.6,0,0.0,0,0.0,0,0.0,8,1.0,,,
ES Network - Pilsen-Little Village,610273,Paderewski,172,1,0.6,138,80.2,0,0.0,0,0.0,33,19.2,0,0.0,0,0.0,0,0.0,0,0.0,,,
ES Network - Pilsen-Little Village,609872,Perez,379,3,0.8,9,2.4,0,0.0,0,0.0,366,96.6,0,0.0,0,0.0,0,0.0,1,0.3,,,
ES Network - Pilsen-Little Village,610129,Pickard,641,7,1.1,13,2.0,0,0.0,1,0.2,613,95.6,4,0.6,0,0.0,0,0.0,3,0.5,,,
ES Network - Pilsen-Little Village,610013,Pilsen,486,3,0.6,35,7.2,0,0.0,4,0.8,430,88.5,4,0.8,2,0.4,0,0.0,8,1.6,,,
ES Network - Pilsen-Little Village,610125,Ruiz,931,12,1.3,1,0.1,0,0.0,4,0.4,904,97.1,2,0.2,0,0.0,0,0.0,8,0.9,,,
ES Network - Pilsen-Little Village,610017,Saucedo Magnet,"1,258",5,0.4,17,1.4,0,0.0,11,0.9,"1,210",96.2,4,0.3,0,0.0,0,0.0,11,0.9,,,
ES Network - Pilsen-Little Village,610184,Spry,757,4,0.5,2,0.3,0,0.0,0,0.0,748,98.8,0,0.0,0,0.0,0,0.0,3,0.4,,,
ES Network - Pilsen-Little Village,609921,Telpochcalli,266,3,1.1,6,2.3,0,0.0,0,0.0,254,95.5,2,0.8,0,0.0,0,0.0,1,0.4,,,
ES Network - Pilsen-Little Village,610216,Walsh,455,9,2.0,26,5.7,0,0.0,1,0.2,412,90.5,0,0.0,4,0.9,0,0.0,3,0.7,,,
ES Network - Pilsen-Little Village,610227,Whitney,"1,080",6,0.6,5,0.5,0,0.0,2,0.2,"1,047",96.9,3,0.3,0,0.0,0,0.0,17,1.6,,,
ES Network - Pilsen-Little Village,610228,Whittier,385,5,1.3,1,0.3,0,0.0,0,0.0,378,98.2,1,0.3,0,0.0,0,0.0,0,0.0,,,
ES Network - Pilsen-Little Village,609973,Zapata,985,2,0.2,4,0.4,0,0.0,0,0.0,976,99.1,0,0.0,0,0.0,0,0.0,3,0.3,,,
ES Network - Ravenswood-Ridge,609773,Agassiz,455,135,29.7,105,23.1,0,0.0,1,0.2,162,35.6,17,3.7,10,2.2,2,0.4,23,5.1,,,
ES Network - Ravenswood-Ridge,609779,Armstrong G.,"1,412",116,8.2,400,28.3,3,0.2,14,1.0,606,42.9,34,2.4,234,16.6,2,0.1,3,0.2,,,
ES Network - Ravenswood-Ridge,609782,Audubon,592,330,55.7,19,3.2,0,0.0,0,0.0,179,30.2,36,6.1,10,1.7,2,0.3,16,2.7,,,
ES Network - Ravenswood-Ridge,609799,Bell,986,583,59.1,24,2.4,1,0.1,6,0.6,228,23.1,76,7.7,60,6.1,2,0.2,6,0.6,,,
ES Network - Ravenswood-Ridge,609803,Blaine,960,558,58.1,53,5.5,0,0.0,3,0.3,249,25.9,52,5.4,34,3.5,7,0.7,4,0.4,,,
ES Network - Ravenswood-Ridge,609804,Boone,767,185,24.1,76,9.9,1,0.1,3,0.4,335,43.7,11,1.4,148,19.3,1,0.1,7,0.9,,,
ES Network - Ravenswood-Ridge,610242,Brennemann,320,12,3.8,231,72.2,0,0.0,3,0.9,52,16.3,9,2.8,6,1.9,2,0.6,5,1.6,,,
ES Network - Ravenswood-Ridge,609817,Budlong,841,225,26.8,40,4.8,0,0.0,8,1.0,373,44.4,19,2.3,153,18.2,2,0.2,21,2.5,,,
ES Network - Ravenswood-Ridge,609820,Burley,572,315,55.1,20,3.5,0,0.0,5,0.9,158,27.6,32,5.6,40,7.0,0,0.0,2,0.3,,,
ES Network - Ravenswood-Ridge,609852,Chappell,493,75,15.2,24,4.9,0,0.0,3,0.6,303,61.5,16,3.2,69,14.0,0,0.0,3,0.6,,,
ES Network - Ravenswood-Ridge,609859,Clinton,"1,125",180,16.0,130,11.6,0,0.0,17,1.5,330,29.3,7,0.6,446,39.6,11,1.0,4,0.4,,,
ES Network - Ravenswood-Ridge,609866,Coonley,716,377,52.7,11,1.5,0,0.0,4,0.6,215,30.0,41,5.7,29,4.1,2,0.3,37,5.2,,,
ES Network - Ravenswood-Ridge,610355,Courtenay,281,59,21.0,45,16.0,0,0.0,1,0.4,158,56.2,3,1.1,13,4.6,0,0.0,2,0.7,,,
ES Network - Ravenswood-Ridge,609880,Decatur Classical,280,109,38.9,20,7.1,1,0.4,1,0.4,52,18.6,28,10.0,68,24.3,0,0.0,1,0.4,,,
ES Network - Ravenswood-Ridge,610363,Disney Magnet,"1,620",387,23.9,602,37.2,0,0.0,18,1.1,369,22.8,62,3.8,177,10.9,2,0.1,3,0.2,,,
ES Network - Ravenswood-Ridge,609918,Field,384,8,2.1,139,36.2,0,0.0,0,0.0,196,51.0,6,1.6,35,9.1,0,0.0,0,0.0,,,
ES Network - Ravenswood-Ridge,609933,Gale,513,14,2.7,316,61.6,0,0.0,1,0.2,144,28.1,11,2.1,23,4.5,1,0.2,3,0.6,,,
ES Network - Ravenswood-Ridge,609945,Goudy,787,58,7.4,155,19.7,2,0.3,5,0.6,256,32.5,6,0.8,302,38.4,1,0.1,2,0.3,,,
ES Network - Ravenswood-Ridge,609850,Greeley,617,70,11.3,81,13.1,0,0.0,4,0.6,437,70.8,9,1.5,13,2.1,0,0.0,3,0.5,,,
ES Network - Ravenswood-Ridge,609963,Hamilton,371,175,47.2,45,12.1,0,0.0,1,0.3,112,30.2,19,5.1,16,4.3,3,0.8,0,0.0,,,
ES Network - Ravenswood-Ridge,609974,Hawthorne Magnet,574,279,48.6,62,10.8,0,0.0,12,2.1,132,23.0,42,7.3,37,6.4,10,1.7,0,0.0,,,
ES Network - Ravenswood-Ridge,609976,Hayt,967,112,11.6,168,17.4,0,0.0,9,0.9,468,48.4,13,1.3,193,20.0,4,0.4,0,0.0,,,
ES Network - Ravenswood-Ridge,610078,Inter-American Magnet,683,80,11.7,9,1.3,0,0.0,1,0.1,573,83.9,8,1.2,9,1.3,0,0.0,3,0.4,,,
ES Network - Ravenswood-Ridge,610010,Jahn,471,43,9.1,67,14.2,0,0.0,1,0.2,340,72.2,16,3.4,3,0.6,1,0.2,0,0.0,,,
ES Network - Ravenswood-Ridge,610011,Jamieson,832,250,30.0,52,6.3,2,0.2,6,0.7,274,32.9,33,4.0,214,25.7,0,0.0,1,0.1,,,
ES Network - Ravenswood-Ridge,609865,Jordan,667,13,1.9,262,39.3,0,0.0,3,0.4,365,54.7,15,2.2,6,0.9,1,0.1,2,0.3,,,
ES Network - Ravenswood-Ridge,610022,Kilmer,803,41,5.1,197,24.5,0,0.0,4,0.5,469,58.4,18,2.2,71,8.8,0,0.0,3,0.4,,,
ES Network - Ravenswood-Ridge,610269,McCutcheon,373,15,4.0,179,48.0,3,0.8,1,0.3,78,20.9,13,3.5,74,19.8,0,0.0,10,2.7,,,
ES Network - Ravenswood-Ridge,610070,McPherson,704,65,9.2,29,4.1,0,0.0,7,1.0,548,77.8,9,1.3,45,6.4,0,0.0,1,0.1,,,
ES Network - Ravenswood-Ridge,610094,Nettelhorst,739,450,60.9,73,9.9,0,0.0,3,0.4,120,16.2,36,4.9,49,6.6,8,1.1,0,0.0,,,
ES Network - Ravenswood-Ridge,610284,New Field,597,35,5.9,144,24.1,0,0.0,6,1.0,358,60.0,6,1.0,46,7.7,1,0.2,1,0.2,,,
ES Network - Ravenswood-Ridge,610122,Peirce,"1,009",171,16.9,81,8.0,0,0.0,9,0.9,628,62.2,50,5.0,70,6.9,0,0.0,0,0.0,,,
ES Network - Ravenswood-Ridge,610141,Ravenswood,475,160,33.7,51,10.7,0,0.0,0,0.0,208,43.8,18,3.8,13,2.7,2,0.4,23,4.8,,,
ES Network - Ravenswood-Ridge,610147,Rogers,737,138,18.7,122,16.6,0,0.0,5,0.7,284,38.5,7,0.9,171,23.2,2,0.3,8,1.1,,,
ES Network - Ravenswood-Ridge,610187,Stewart,256,6,2.3,125,48.8,0,0.0,1,0.4,109,42.6,1,0.4,13,5.1,1,0.4,0,0.0,,,
ES Network - Ravenswood-Ridge,610189,Stockton,475,40,8.4,250,52.6,0,0.0,2,0.4,148,31.2,10,2.1,17,3.6,3,0.6,5,1.1,,,
ES Network - Ravenswood-Ridge,610191,Stone Magnet,636,210,33.0,119,18.7,3,0.5,1,0.2,114,17.9,25,3.9,141,22.2,2,0.3,21,3.3,,,
ES Network - Ravenswood-Ridge,610196,Swift,735,109,14.8,249,33.9,0,0.0,9,1.2,239,32.5,22,3.0,104,14.1,3,0.4,0,0.0,,,
ES Network - Ravenswood-Ridge,610205,Trumbull,389,43,11.1,57,14.7,0,0.0,6,1.5,221,56.8,5,1.3,50,12.9,1,0.3,6,1.5,,,
ES Network - Ravenswood-Ridge,610220,Waters,612,265,43.3,18,2.9,1,0.2,0,0.0,261,42.6,33,5.4,21,3.4,5,0.8,8,1.3,,,
ES Network - Ravenswood-Ridge,610542,Wst Ridge,709,195,27.5,51,7.2,0,0.0,4,0.6,186,26.2,12,1.7,256,36.1,5,0.7,0,0.0,,,
ES Network - Rock Island,609788,Barnard,262,2,0.8,254,96.9,0,0.0,0,0.0,5,1.9,1,0.4,0,0.0,0,0.0,0,0.0,,,
ES Network - Rock Island,609800,Bennett,468,1,0.2,460,98.3,0,0.0,0,0.0,2,0.4,5,1.1,0,0.0,0,0.0,0,0.0,,,
ES Network - Rock Island,609849,Cassell,351,269,76.6,42,12.0,0,0.0,1,0.3,30,8.5,7,2.0,2,0.6,0,0.0,0,0.0,,,
ES Network - Rock Island,609861,Clissold,553,169,30.6,339,61.3,0,0.0,1,0.2,34,6.1,5,0.9,5,0.9,0,0.0,0,0.0,,,
ES Network - Rock Island,610004,Cullen,245,1,0.4,239,97.6,0,0.0,0,0.0,3,1.2,2,0.8,0,0.0,0,0.0,0,0.0,,,
ES Network - Rock Island,610188,Dunne,299,0,0.0,298,99.7,0,0.0,0,0.0,1,0.3,0,0.0,0,0.0,0,0.0,0,0.0,,,
ES Network - Rock Island,609908,Esmond,339,0,0.0,331,97.6,0,0.0,0,0.0,6,1.8,1,0.3,1,0.3,0,0.0,0,0.0,,,
ES Network - Rock Island,610362,Evers,379,1,0.3,378,99.7,0,0.0,0,0.0,0,0.0,0,0.0,0,0.0,0,0.0,0,0.0,,,
ES Network - Rock Island,609917,Fernwood,322,0,0.0,320,99.4,0,0.0,0,0.0,1,0.3,1,0.3,0,0.0,0,0.0,0,0.0,,,
ES Network - Rock Island,609924,Fort Dearborn,429,0,0.0,422,98.4,0,0.0,0,0.0,1,0.2,5,1.2,1,0.2,0,0.0,0,0.0,,,
ES Network - Rock Island,610128,Garvey M.,315,1,0.3,306,97.1,0,0.0,0,0.0,6,1.9,2,0.6,0,0.0,0,0.0,0,0.0,,,
ES Network - Rock Island,609939,Gillespie,638,1,0.2,620,97.2,0,0.0,0,0.0,15,2.4,2,0.3,0,0.0,0,0.0,0,0.0,,,
ES Network - Rock Island,610032,Green W.,256,0,0.0,250,97.7,0,0.0,0,0.0,4,1.6,1,0.4,1,0.4,0,0.0,0,0.0,,,
ES Network - Rock Island,609808,Haley,529,0,0.0,524,99.1,0,0.0,0,0.0,3,0.6,1,0.2,0,0.0,0,0.0,1,0.2,,,
ES Network - Rock Island,610368,Hughes L.,417,2,0.5,407,97.6,0,0.0,0,0.0,7,1.7,1,0.2,0,0.0,0,0.0,0,0.0,,,
ES Network - Rock Island,610084,Keller,247,99,40.1,91,36.8,0,0.0,1,0.4,37,15.0,9,3.6,9,3.6,1,0.4,0,0.0,,,
ES Network - Rock Island,610016,Kellogg,266,33,12.4,207,77.8,0,0.0,1,0.4,10,3.8,15,5.6,0,0.0,0,0.0,0,0.0,,,
ES Network - Rock Island,610027,Kipling,429,0,0.0,417,97.2,0,0.0,1,0.2,2,0.5,2,0.5,1,0.2,1,0.2,5,1.2,,,
ES Network - Rock Island,610028,Kohn,390,0,0.0,387,99.2,0,0.0,0,0.0,1,0.3,2,0.5,0,0.0,0,0.0,0,0.0,,,
ES Network - Rock Island,610208,Lavizzo,403,0,0.0,398,98.8,0,0.0,0,0.0,4,1.0,1,0.2,0,0.0,0,0.0,0,0.0,,,
ES Network - Rock Island,610082,Mt Greenwood,963,769,79.9,13,1.3,0,0.0,7,0.7,150,15.6,10,1.0,8,0.8,6,0.6,0,0.0,,,
ES Network - Rock Island,610086,Mt Vernon,305,0,0.0,304,99.7,0,0.0,0,0.0,0,0.0,0,0.0,0,0.0,1,0.3,0,0.0,,,
ES Network - Rock Island,610176,Shoop,529,0,0.0,526,99.4,0,0.0,1,0.2,2,0.4,0,0.0,0,0.0,0,0.0,0,0.0,,,
ES Network - Rock Island,610195,Sutherland,735,307,41.8,367,49.9,0,0.0,1,0.1,44,6.0,11,1.5,4,0.5,0,0.0,1,0.1,,,
ES Network - Rock Island,609895,Turner-Drew Magnet,363,0,0.0,348,95.9,0,0.0,1,0.3,11,3.0,3,0.8,0,0.0,0,0.0,0,0.0,,,
ES Network - Rock Island,610207,Vanderpoel Magnet,306,1,0.3,302,98.7,0,0.0,0,0.0,3,1.0,0,0.0,0,0.0,0,0.0,0,0.0,,,
ES Network - Rock Island,609871,Vick EC Ctr,322,146,45.3,63,19.6,0,0.0,0,0.0,107,33.2,6,1.9,0,0.0,0,0.0,0,0.0,,,
ES Network - Rock Island,610366,Wacker,243,0,0.0,243,100.0,0,0.0,0,0.0,0,0.0,0,0.0,0,0.0,0,0.0,0,0.0,,,
ES Network - Skyway,610268,Ashe,394,0,0.0,392,99.5,0,0.0,0,0.0,2,0.5,0,0.0,0,0.0,0,0.0,0,0.0,,,
ES Network - Skyway,609786,Avalon Park,310,0,0.0,308,99.4,0,0.0,0,0.0,2,0.6,0,0.0,0,0.0,0,0.0,0,0.0,,,
ES Network - Skyway,610350,Black Magnet,476,0,0.0,469,98.5,0,0.0,0,0.0,3,0.6,2,0.4,0,0.0,0,0.0,2,0.4,,,
ES Network - Skyway,609815,Bouchet,712,0,0.0,701,98.5,0,0.0,0,0.0,4,0.6,3,0.4,0,0.0,0,0.0,4,0.6,,,
ES Network - Skyway,609813,Brownell,299,0,0.0,296,99.0,0,0.0,1,0.3,2,0.7,0,0.0,0,0.0,0,0.0,0,0.0,,,
ES Network - Skyway,610280,Buckingham,35,0,0.0,34,97.1,0,0.0,0,0.0,1,2.9,0,0.0,0,0.0,0,0.0,0,0.0,,,
ES Network - Skyway,609827,Burnside Magnet,771,0,0.0,749,97.1,0,0.0,1,0.1,12,1.6,9,1.2,0,0.0,0,0.0,0,0.0,,,
ES Network - Skyway,609833,Caldwell,339,0,0.0,330,97.3,0,0.0,1,0.3,5,1.5,1,0.3,0,0.0,0,0.0,2,0.6,,,
ES Network - Skyway,609862,Coles,565,3,0.5,549,97.2,0,0.0,0,0.0,7,1.2,5,0.9,0,0.0,1,0.2,0,0.0,,,
ES Network - Skyway,609887,Dixon,631,0,0.0,623,98.7,0,0.0,0,0.0,4,0.6,3,0.5,1,0.2,0,0.0,0,0.0,,,
ES Network - Skyway,610316,Earhart,247,0,0.0,243,98.4,0,0.0,0,0.0,0,0.0,4,1.6,0,0.0,0,0.0,0,0.0,,,
ES Network - Skyway,609916,Fermi,237,0,0.0,234,98.7,0,0.0,0,0.0,2,0.8,0,0.0,1,0.4,0,0.0,0,0.0,,,
ES Network - Skyway,610002,Hoyne,271,0,0.0,260,95.9,0,0.0,0,0.0,9,3.3,2,0.7,0,0.0,0,0.0,0,0.0,,,
ES Network - Skyway,610298,Lenart,319,61,19.1,188,58.9,1,0.3,2,0.6,13,4.1,10,3.1,38,11.9,2,0.6,4,1.3,,,
ES Network - Skyway,610047,Madison,280,0,0.0,275,98.2,0,0.0,0,0.0,4,1.4,1,0.4,0,0.0,0,0.0,0,0.0,,,
ES Network - Skyway,610052,Mann,457,0,0.0,453,99.1,0,0.0,0,0.0,1,0.2,2,0.4,1,0.2,0,0.0,0,0.0,,,
ES Network - Skyway,610066,McDade Classical,196,2,1.0,187,95.4,0,0.0,0,0.0,2,1.0,0,0.0,4,2.0,1,0.5,0,0.0,,,
ES Network - Skyway,610312,McDowell,191,0,0.0,181,94.8,0,0.0,0,0.0,5,2.6,5,2.6,0,0.0,0,0.0,0,0.0,,,
ES Network - Skyway,610171,Mireles,834,9,1.1,411,49.3,0,0.0,3,0.4,402,48.2,2,0.2,2,0.2,1,0.1,4,0.5,,,
ES Network - Skyway,610093,Neil,313,0,0.0,305,97.4,0,0.0,0,0.0,6,1.9,0,0.0,0,0.0,0,0.0,2,0.6,,,
ES Network - Skyway,609961,Ninos Heroes,475,6,1.3,358,75.4,0,0.0,3,0.6,98,20.6,1,0.2,0,0.0,0,0.0,9,1.9,,,
ES Network - Skyway,610103,O'Keeffe,576,0,0.0,565,98.1,0,0.0,1,0.2,6,1.0,0,0.0,0,0.0,0,0.0,4,0.7,,,
ES Network - Skyway,610115,Park Manor,338,1,0.3,335,99.1,0,0.0,0,0.0,1,0.3,0,0.0,1,0.3,0,0.0,0,0.0,,,
ES Network - Skyway,610116,Parkside,318,0,0.0,308,96.9,0,0.0,2,0.6,5,1.6,1,0.3,0,0.0,0,0.0,2,0.6,,,
ES Network - Skyway,610130,Pirie,375,1,0.3,369,98.4,0,0.0,0,0.0,5,1.3,0,0.0,0,0.0,0,0.0,0,0.0,,,
ES Network - Skyway,610281,Powell,532,1,0.2,521,97.9,0,0.0,0,0.0,7,1.3,2,0.4,1,0.2,0,0.0,0,0.0,,,
ES Network - Skyway,610146,Revere,337,0,0.0,336,99.7,0,0.0,0,0.0,1,0.3,0,0.0,0,0.0,0,0.0,0,0.0,,,
ES Network - Skyway,610152,Ruggles,414,0,0.0,406,98.1,0,0.0,1,0.2,3,0.7,3,0.7,0,0.0,1,0.2,0,0.0,,,
ES Network - Skyway,610530,South Shore,308,0,0.0,300,97.4,0,0.0,0,0.0,3,1.0,5,1.6,0,0.0,0,0.0,0,0.0,,,
ES Network - Skyway,610193,Sullivan,521,5,1.0,382,73.3,0,0.0,0,0.0,123,23.6,6,1.2,0,0.0,1,0.2,4,0.8,,,
ES Network - Skyway,610279,Tanner,443,2,0.5,434,98.0,0,0.0,0,0.0,2,0.5,2,0.5,0,0.0,0,0.0,3,0.7,,,
ES Network - Skyway,610200,Thorp J. N.,417,4,1.0,332,79.6,0,0.0,1,0.2,79,18.9,0,0.0,0,0.0,0,0.0,1,0.2,,,
ES Network - Skyway,610218,Warren,314,0,0.0,300,95.5,0,0.0,1,0.3,6,1.9,4,1.3,0,0.0,0,0.0,3,1.0,,,
ES Network - Skyway,610124,Washington H.,527,0,0.0,524,99.4,0,0.0,0,0.0,3,0.6,0,0.0,0,0.0,0,0.0,0,0.0,,,
ES Network - Skyway,610300,Westcott,413,0,0.0,409,99.0,0,0.0,0,0.0,3,0.7,1,0.2,0,0.0,0,0.0,0,0.0,,,
ES Network - Skyway,610233,Yale,186,1,0.5,185,99.5,0,0.0,0,0.0,0,0.0,0,0.0,0,0.0,0,0.0,0,0.0,,,
HS Network - Far South Side,609726,Brooks CPHS,745,8,1.1,636,85.4,0,0.0,4,0.5,89,11.9,8,1.1,0,0.0,0,0.0,0,0.0,,,
HS Network - Far South Side,609760,Carver Mil Acad HS,531,6,1.1,267,50.3,0,0.0,0,0.0,255,48.0,1,0.2,1,0.2,0,0.0,1,0.2,,,
HS Network - Far South Side,609753,Chicago Agr Sci HS,629,194,30.8,255,40.5,0,0.0,2,0.3,149,23.7,25,4.0,3,0.5,1,0.2,0,0.0,,,
HS Network - Far South Side,609761,Corliss HS,558,1,0.2,544,97.5,0,0.0,1,0.2,10,1.8,1,0.2,0,0.0,1,0.2,0,0.0,,,
HS Network - Far South Side,609705,Fenger  HS,508,0,0.0,498,98.0,0,0.0,1,0.2,7,1.4,2,0.4,0,0.0,0,0.0,0,0.0,,,
HS Network - Far South Side,609710,Harlan HS,"1,174",2,0.2,"1,152",98.1,0,0.0,1,0.1,6,0.5,7,0.6,0,0.0,0,0.0,6,0.5,,,
HS Network - Far South Side,609762,Julian HS,"1,167",1,0.1,"1,156",99.1,0,0.0,1,0.1,4,0.3,3,0.3,0,0.0,0,0.0,2,0.2,,,
HS Network - Far South Side,609725,Morgan Park HS,"1,449",14,1.0,"1,398",96.5,0,0.0,0,0.0,22,1.5,13,0.9,0,0.0,2,0.1,0,0.0,,,
HS Network - Far South Side,609739,Washington G. HS,"1,562",99,6.3,101,6.5,0,0.0,16,1.0,"1,340",85.8,3,0.2,2,0.1,1,0.1,0,0.0,,,
HS Network - North-Northwest Side,609774,Alcott,490,329,67.1,41,8.4,0,0.0,0,0.0,65,13.3,31,6.3,23,4.7,1,0.2,0,0.0,,,
HS Network - North-Northwest Side,610524,Alcott HS,269,37,13.8,92,34.2,0,0.0,4,1.5,125,46.5,6,2.2,3,1.1,2,0.7,0,0.0,,,
HS Network - North-Northwest Side,609695,Amundsen HS,"1,434",139,9.7,146,10.2,2,0.1,5,0.3,923,64.4,13,0.9,188,13.1,2,0.1,16,1.1,,,
HS Network - North-Northwest Side,610402,DeVry Advantage HS,187,21,11.2,70,37.4,0,0.0,0,0.0,81,43.3,2,1.1,13,7.0,0,0.0,0,0.0,,,
HS Network - North-Northwest Side,609708,Foreman HS,"1,572",58,3.7,267,17.0,0,0.0,4,0.3,"1,224",77.9,9,0.6,7,0.4,1,0.1,2,0.1,,,
HS Network - North-Northwest Side,609716,Kelvyn Park HS,"1,037",24,2.3,43,4.1,0,0.0,2,0.2,924,89.1,42,4.1,1,0.1,0,0.0,1,0.1,,,
HS Network - North-Northwest Side,609719,Lake View HS,"1,545",206,13.3,166,10.7,2,0.1,14,0.9,962,62.3,28,1.8,158,10.2,5,0.3,4,0.3,,,
HS Network - North-Northwest Side,609720,Lane Tech HS,"4,270","1,279",30.0,363,8.5,2,0.0,18,0.4,"1,994",46.7,110,2.6,418,9.8,9,0.2,77,1.8,,,
HS Network - North-Northwest Side,609738,Lincoln Park HS,"2,233",615,27.5,574,25.7,0,0.0,9,0.4,693,31.0,80,3.6,241,10.8,3,0.1,18,0.8,,,
HS Network - North-Northwest Side,609724,Mather HS,"1,710",381,22.3,238,13.9,2,0.1,9,0.5,629,36.8,31,1.8,412,24.1,7,0.4,1,0.1,,,
HS Network - North-Northwest Side,609749,Northside CPHS,"1,070",446,41.7,92,8.6,1,0.1,5,0.5,248,23.2,43,4.0,229,21.4,4,0.4,2,0.2,,,
HS Network - North-Northwest Side,609744,Northside Lrn Ctr HS,289,47,16.3,92,31.8,1,0.3,1,0.3,134,46.4,2,0.7,12,4.2,0,0.0,0,0.0,,,
HS Network - North-Northwest Side,610101,Ogden,729,340,46.6,121,16.6,0,0.0,5,0.7,105,14.4,45,6.2,102,14.0,0,0.0,11,1.5,,,
HS Network - North-Northwest Side,610529,Ogden HS,763,193,25.3,253,33.2,4,0.5,5,0.7,230,30.1,33,4.3,38,5.0,1,0.1,6,0.8,,,
HS Network - North-Northwest Side,609680,Payton CPHS,859,317,36.9,184,21.4,1,0.1,3,0.3,214,24.9,50,5.8,71,8.3,2,0.2,17,2.0,,,
HS Network - North-Northwest Side,609679,Prosser HS,"1,475",62,4.2,354,24.0,0,0.0,7,0.5,"1,037",70.3,6,0.4,8,0.5,1,0.1,0,0.0,,,
HS Network - North-Northwest Side,610390,Rickover Naval HS,479,44,9.2,71,14.8,0,0.0,2,0.4,340,71.0,3,0.6,18,3.8,1,0.2,0,0.0,,,
HS Network - North-Northwest Side,609728,Roosevelt HS,"1,504",96,6.4,149,9.9,2,0.1,7,0.5,"1,114",74.1,6,0.4,98,6.5,1,0.1,31,2.1,,,
HS Network - North-Northwest Side,609729,Schurz HS,"2,395",139,5.8,205,8.6,1,0.0,14,0.6,"1,948",81.3,14,0.6,26,1.1,4,0.2,44,1.8,,,
HS Network - North-Northwest Side,609730,Senn HS,"1,045",83,7.9,306,29.3,0,0.0,5,0.5,472,45.2,31,3.0,139,13.3,5,0.5,4,0.4,,,
HS Network - North-Northwest Side,609732,Steinmetz HS,"1,823",200,11.0,232,12.7,0,0.0,11,0.6,"1,328",72.8,9,0.5,36,2.0,2,0.1,5,0.3,,,
HS Network - North-Northwest Side,609733,Sullivan HS,812,38,4.7,347,42.7,0,0.0,4,0.5,276,34.0,15,1.8,124,15.3,1,0.1,7,0.9,,,
HS Network - North-Northwest Side,609734,Taft HS,"3,098","1,492",48.2,72,2.3,4,0.1,13,0.4,"1,236",39.9,55,1.8,218,7.0,2,0.1,6,0.2,,,
HS Network - North-Northwest Side,610394,Uplift Community HS,411,9,2.2,346,84.2,0,0.0,0,0.0,37,9.0,9,2.2,10,2.4,0,0.0,0,0.0,,,
HS Network - North-Northwest Side,609766,Vaughn Occp HS,209,34,16.3,68,32.5,0,0.0,0,0.0,100,47.8,0,0.0,7,3.3,0,0.0,0,0.0,,,
HS Network - North-Northwest Side,609737,Von Steuben HS,"1,654",334,20.2,231,14.0,0,0.0,13,0.8,839,50.7,28,1.7,206,12.5,3,0.2,0,0.0,,,
HS Network - South Side,610381,Bronzeville Mil HS,529,0,0.0,524,99.1,0,0.0,0,0.0,3,0.6,0,0.0,1,0.2,1,0.2,0,0.0,,,
HS Network - South Side,609754,Chicago Mil Acad HS,466,7,1.5,348,74.7,0,0.0,1,0.2,93,20.0,17,3.6,0,0.0,0,0.0,0,0.0,,,
HS Network - South Side,609674,Chicago Voc HS,965,0,0.0,941,97.5,1,0.1,0,0.0,14,1.5,2,0.2,0,0.0,1,0.1,6,0.6,,,
HS Network - South Side,609676,Dunbar Voc HS,"1,328",1,0.1,"1,302",98.0,0,0.0,0,0.0,15,1.1,7,0.5,2,0.2,1,0.1,0,0.0,,,
HS Network - South Side,609736,Dyett HS,168,0,0.0,164,97.6,0,0.0,1,0.6,1,0.6,2,1.2,0,0.0,0,0.0,0,0.0,,,
HS Network - South Side,609769,Graham R. Trng CTR,116,4,3.4,62,53.4,0,0.0,0,0.0,46,39.7,1,0.9,3,2.6,0,0.0,0,0.0,,,
HS Network - South Side,609712,Hirsch HS,389,0,0.0,387,99.5,0,0.0,0,0.0,2,0.5,0,0.0,0,0.0,0,0.0,0,0.0,,,
HS Network - South Side,609713,Hyde Park HS,"1,249",1,0.1,"1,235",98.9,0,0.0,0,0.0,8,0.6,2,0.2,0,0.0,1,0.1,2,0.2,,,
HS Network - South Side,609678,Jones CPHS,883,248,28.1,208,23.6,1,0.1,4,0.5,286,32.4,30,3.4,86,9.7,2,0.2,18,2.0,,,
HS Network - South Side,609746,Kenwood HS,"1,839",24,1.3,"1,570",85.4,0,0.0,5,0.3,82,4.5,60,3.3,57,3.1,4,0.2,37,2.0,,,
HS Network - South Side,609751,King CPHS,879,9,1.0,809,92.0,0,0.0,1,0.1,37,4.2,8,0.9,13,1.5,0,0.0,2,0.2,,,
HS Network - South Side,610323,New Millenium HS,538,3,0.6,433,80.5,0,0.0,1,0.2,98,18.2,2,0.4,0,0.0,0,0.0,1,0.2,,,
HS Network - South Side,610297,Sch Of Leadership HS,411,1,0.2,405,98.5,0,0.0,0,0.0,3,0.7,2,0.5,0,0.0,0,0.0,0,0.0,,,
HS Network - South Side,609692,Simeon HS,"1,529",1,0.1,"1,511",98.8,0,0.0,0,0.0,6,0.4,9,0.6,0,0.0,0,0.0,2,0.1,,,
HS Network - South Side,610547,South Shore Intl HS,450,0,0.0,431,95.8,0,0.0,0,0.0,15,3.3,2,0.4,0,0.0,1,0.2,1,0.2,,,
HS Network - South Side,610380,Williams Prep Med HS,304,0,0.0,284,93.4,0,0.0,0,0.0,11,3.6,2,0.7,2,0.7,0,0.0,5,1.6,,,
HS Network - Southwest Side,610513,Air Force Acad HS,393,38,9.7,173,44.0,0,0.0,0,0.0,163,41.5,5,1.3,13,3.3,1,0.3,0,0.0,,,
HS Network - Southwest Side,609698,Bogan Tech HS,"1,409",33,2.3,727,51.6,0,0.0,9,0.6,631,44.8,6,0.4,2,0.1,1,0.1,0,0.0,,,
HS Network - Southwest Side,609756,Curie HS,"3,060",90,2.9,319,10.4,1,0.0,12,0.4,"2,533",82.8,9,0.3,95,3.1,1,0.0,0,0.0,,,
HS Network - Southwest Side,609709,Gage Park HS,835,8,1.0,377,45.1,0,0.0,2,0.2,443,53.1,3,0.4,2,0.2,0,0.0,0,0.0,,,
HS Network - Southwest Side,610558,Goode STEM Acad,244,2,0.8,144,59.0,0,0.0,0,0.0,94,38.5,4,1.6,0,0.0,0,0.0,0,0.0,,,
HS Network - Southwest Side,609694,Hancock HS,963,35,3.6,10,1.0,0,0.0,4,0.4,903,93.8,4,0.4,6,0.6,1,0.1,0,0.0,,,
HS Network - Southwest Side,609711,Harper HS,518,0,0.0,509,98.3,0,0.0,2,0.4,5,1.0,2,0.4,0,0.0,0,0.0,0,0.0,,,
HS Network - Southwest Side,609768,Hope CPHS,507,0,0.0,494,97.4,0,0.0,1,0.2,11,2.2,0,0.0,0,0.0,1,0.2,0,0.0,,,
HS Network - Southwest Side,609741,Hubbard HS,"1,639",52,3.2,103,6.3,0,0.0,5,0.3,"1,411",86.1,1,0.1,61,3.7,0,0.0,6,0.4,,,
HS Network - Southwest Side,609715,Kelly HS,"2,691",61,2.3,56,2.1,0,0.0,13,0.5,"2,213",82.2,3,0.1,341,12.7,1,0.0,3,0.1,,,
HS Network - Southwest Side,609718,Kennedy HS,"1,505",407,27.0,75,5.0,1,0.1,11,0.7,979,65.0,6,0.4,10,0.7,0,0.0,16,1.1,,,
HS Network - Southwest Side,610391,Lindblom MSHS,"1,038",20,1.9,723,69.7,0,0.0,3,0.3,269,25.9,7,0.7,12,1.2,2,0.2,2,0.2,,,
HS Network - Southwest Side,609682,Richards HS,477,4,0.8,145,30.4,0,0.0,3,0.6,324,67.9,0,0.0,0,0.0,0,0.0,1,0.2,,,
HS Network - Southwest Side,609707,Robeson HS,591,0,0.0,587,99.3,0,0.0,0,0.0,1,0.2,2,0.3,0,0.0,0,0.0,1,0.2,,,
HS Network - Southwest Side,609745,Southside Occp HS,202,8,4.0,155,76.7,0,0.0,0,0.0,37,18.3,1,0.5,0,0.0,1,0.5,0,0.0,,,
HS Network - Southwest Side,610506,TEAM HS,397,0,0.0,392,98.7,0,0.0,1,0.3,4,1.0,0,0.0,0,0.0,0,0.0,0,0.0,,,
HS Network - Southwest Side,609735,Tilden HS,400,26,6.5,279,69.8,0,0.0,1,0.3,85,21.3,3,0.8,6,1.5,0,0.0,0,0.0,,,
HS Network - West Side,400018,Austin Bus & Entrp HS,236,0,0.0,234,99.2,0,0.0,0,0.0,2,0.8,0,0.0,0,0.0,0,0.0,0,0.0,,,
HS Network - West Side,610501,Austin Poly Tech HS,192,1,0.5,190,99.0,0,0.0,1,0.5,0,0.0,0,0.0,0,0.0,0,0.0,0,0.0,,,
HS Network - West Side,610244,Clark Magnet HS,574,0,0.0,564,98.3,0,0.0,1,0.2,8,1.4,1,0.2,0,0.0,0,0.0,0,0.0,,,
HS Network - West Side,609759,Clemente HS,891,19,2.1,247,27.7,0,0.0,3,0.3,616,69.1,5,0.6,1,0.1,0,0.0,0,0.0,,,
HS Network - West Side,609702,Crane Tech HS,387,2,0.5,371,95.9,0,0.0,2,0.5,9,2.3,2,0.5,0,0.0,0,0.0,1,0.3,,,
HS Network - West Side,610245,Douglass HS,316,0,0.0,309,97.8,0,0.0,1,0.3,4,1.3,2,0.6,0,0.0,0,0.0,0,0.0,,,
HS Network - West Side,609704,Farragut HS,"1,277",5,0.4,160,12.5,0,0.0,9,0.7,"1,099",86.1,1,0.1,1,0.1,0,0.0,2,0.2,,,
HS Network - West Side,610384,Infinity HS,410,1,0.2,10,2.4,0,0.0,1,0.2,398,97.1,0,0.0,0,0.0,0,0.0,0,0.0,,,
HS Network - West Side,609764,Juarez HS,"1,790",24,1.3,39,2.2,0,0.0,9,0.5,"1,675",93.6,5,0.3,26,1.5,1,0.1,11,0.6,,,
HS Network - West Side,609722,Manley HS,476,0,0.0,466,97.9,0,0.0,0,0.0,9,1.9,1,0.2,0,0.0,0,0.0,0,0.0,,,
HS Network - West Side,610502,Marine Math & Sci Mil HS,376,4,1.1,131,34.8,0,0.0,3,0.8,231,61.4,3,0.8,2,0.5,0,0.0,2,0.5,,,
HS Network - West Side,609723,Marshall HS,677,0,0.0,663,97.9,0,0.0,0,0.0,7,1.0,6,0.9,0,0.0,0,0.0,1,0.1,,,
HS Network - West Side,610535,Mason HS,60,0,0.0,57,95.0,0,0.0,0,0.0,1,1.7,0,0.0,1,1.7,0,0.0,1,1.7,,,
HS Network - West Side,610385,Multicultural Arts HS,290,0,0.0,31,10.7,0,0.0,1,0.3,255,87.9,0,0.0,0,0.0,0,0.0,3,1.0,,,
HS Network - West Side,609691,North-Grand HS,904,6,0.7,58,6.4,0,0.0,0,0.0,834,92.3,2,0.2,2,0.2,0,0.0,2,0.2,,,
HS Network - West Side,610304,Phoenix Mil Acad HS,429,5,1.2,118,27.5,0,0.0,1,0.2,303,70.6,1,0.2,0,0.0,0,0.0,1,0.2,,,
HS Network - West Side,610334,Raby HS,524,0,0.0,505,96.4,0,0.0,0,0.0,17,3.2,0,0.0,0,0.0,1,0.2,1,0.2,,,
HS Network - West Side,610383,Sch Of Social Justice HS,356,0,0.0,26,7.3,0,0.0,0,0.0,324,91.0,0,0.0,0,0.0,0,0.0,6,1.7,,,
HS Network - West Side,610357,Spry Comm Links HS,193,2,1.0,3,1.6,0,0.0,0,0.0,187,96.9,0,0.0,0,0.0,0,0.0,1,0.5,,,
HS Network - West Side,610518,VOISE HS,367,0,0.0,348,94.8,0,0.0,1,0.3,16,4.4,2,0.5,0,0.0,0,0.0,0,0.0,,,
HS Network - West Side,609740,Wells HS,611,10,1.6,267,43.7,0,0.0,5,0.8,322,52.7,6,1.0,1,0.2,0,0.0,0,0.0,,,
HS Network - West Side,609693,Westinghouse HS,"1,116",21,1.9,711,63.7,0,0.0,3,0.3,323,28.9,13,1.2,45,4.0,0,0.0,0,0.0,,,
HS Network - West Side,610392,World Language HS,371,2,0.5,36,9.7,0,0.0,1,0.3,319,86.0,1,0.3,0,0.0,0,0.0,12,3.2,,,
HS Network - West Side,609755,Young Magnet HS,"2,203",647,29.4,552,25.1,1,0.0,10,0.5,536,24.3,85,3.9,368,16.7,1,0.0,3,0.1,,,
Network - Alternative,610549,Banner North Elem,5,0,0.0,5,100.0,0,0.0,0,0.0,0,0.0,0,0.0,0,0.0,0,0.0,0,0.0,,,
Network - Alternative,610550,Banner North HS,24,0,0.0,11,45.8,0,0.0,1,4.2,10,41.7,1,4.2,1,4.2,0,0.0,0,0.0,,,
Network - Alternative,610556,Banner South HS,268,0,0.0,260,97.0,0,0.0,1,0.4,4,1.5,2,0.7,0,0.0,0,0.0,1,0.4,,,
Network - Alternative,610555,Banner West HS,164,0,0.0,150,91.5,0,0.0,0,0.0,12,7.3,2,1.2,0,0.0,0,0.0,0,0.0,,,
Network - Alternative,609783,Jefferson N.,240,4,1.7,207,86.3,0,0.0,1,0.4,27,11.3,0,0.0,0,0.0,0,0.0,1,0.4,,,
Network - Alternative,610552,Milburn Alternative,48,0,0.0,45,93.8,0,0.0,0,0.0,1,2.1,0,0.0,2,4.2,0,0.0,0,0.0,,,
Network - Alternative,610557,Pathways to Education HS,202,6,3.0,48,23.8,0,0.0,0,0.0,145,71.8,1,0.5,1,0.5,1,0.5,0,0.0,,,
Network - Alternative,610386,Peace & Education Alt HS,114,0,0.0,30,26.3,0,0.0,1,0.9,83,72.8,0,0.0,0,0.0,0,0.0,0,0.0,,,
Network - Alternative,609750,Simpson HS,95,1,1.1,71,74.7,0,0.0,0,0.0,21,22.1,1,1.1,0,0.0,0,0.0,1,1.1,,,
Network - Alternative,610554,Summers Alternative,26,0,0.0,25,96.2,0,0.0,0,0.0,1,3.8,0,0.0,0,0.0,0,0.0,0,0.0,,,
Network - Alternative,609748,York Alt HS,339,6,1.8,276,81.4,0,0.0,6,1.8,51,15.0,0,0.0,0,0.0,0,0.0,0,0.0,,,
Network - AUSL,610365,Bethune,377,0,0.0,373,98.9,0,0.0,1,0.3,0,0.0,3,0.8,0,0.0,0,0.0,0,0.0,,,
Network - AUSL,609806,Bradwell,788,0,0.0,779,98.9,0,0.0,1,0.1,6,0.8,1,0.1,0,0.0,0,0.0,1,0.1,,,
Network - AUSL,610248,Chicago Acad,601,149,24.8,36,6.0,0,0.0,2,0.3,385,64.1,11,1.8,17,2.8,1,0.2,0,0.0,,,
Network - AUSL,610340,Chicago Acad HS,517,105,20.3,101,19.5,0,0.0,2,0.4,280,54.2,8,1.5,21,4.1,0,0.0,0,0.0,,,
Network - AUSL,610499,Collins HS,433,0,0.0,425,98.2,0,0.0,0,0.0,5,1.2,2,0.5,0,0.0,0,0.0,1,0.2,,,
Network - AUSL,609900,Curtis,474,0,0.0,457,96.4,0,0.0,0,0.0,14,3.0,2,0.4,0,0.0,1,0.2,0,0.0,,,
Network - AUSL,609883,Deneen,549,4,0.7,535,97.4,0,0.0,0,0.0,7,1.3,3,0.5,0,0.0,0,0.0,0,0.0,,,
Network - AUSL,609888,Dodge,433,0,0.0,429,99.1,0,0.0,0,0.0,4,0.9,0,0.0,0,0.0,0,0.0,0,0.0,,,
Network - AUSL,610263,Dulles,528,1,0.2,518,98.1,0,0.0,0,0.0,4,0.8,1,0.2,0,0.0,1,0.2,3,0.6,,,
Network - AUSL,609971,Harvard,441,1,0.2,435,98.6,0,0.0,0,0.0,3,0.7,1,0.2,0,0.0,1,0.2,0,0.0,,,
Network - AUSL,610000,Howe,610,0,0.0,593,97.2,0,0.0,2,0.3,14,2.3,0,0.0,1,0.2,0,0.0,0,0.0,,,
Network - AUSL,610274,Johnson,402,0,0.0,397,98.8,0,0.0,0,0.0,3,0.7,0,0.0,0,0.0,0,0.0,2,0.5,,,
Network - AUSL,610257,Morton,355,0,0.0,339,95.5,0,0.0,1,0.3,15,4.2,0,0.0,0,0.0,0,0.0,0,0.0,,,
Network - AUSL,610231,Natl Teachers Acad,533,2,0.4,510,95.7,0,0.0,0,0.0,13,2.4,4,0.8,1,0.2,0,0.0,3,0.6,,,
Network - AUSL,610389,Orr Academy HS,676,3,0.4,587,86.8,0,0.0,1,0.1,74,10.9,11,1.6,0,0.0,0,0.0,0,0.0,,,
Network - AUSL,609727,Phillips HS,647,0,0.0,627,96.9,0,0.0,1,0.2,12,1.9,2,0.3,3,0.5,1,0.2,1,0.2,,,
Network - AUSL,610172,Sherman,440,0,0.0,430,97.7,0,0.00,0,0.0,7,1.6,1,0.2,0,0.0,0,0.0,2,0.5,,,
Network - AUSL,610543,Solorio HS,843,15,1.8,33,3.9,0,0.0,3,0.4,789,93.6,1,0.1,0,0.0,0,0.0,2,0.2,,,
Network - AUSL,610396,Tarkington,"1,073",4,0.4,221,20.6,0,0.0,9,0.8,825,76.9,11,1.0,1,0.1,0,0.0,2,0.2,,,
Network - Charter/Contract,400010,ACE Tech Chtr HS,482,12,2.5,334,69.3,0,0.0,11,2.3,114,23.7,10,2.1,0,0.0,0,0.0,1,0.2,,,
Network - Charter/Contract,400146,ACT Charter,81,0,0.0,79,97.5,0,0.0,0,0.0,2,2.5,0,0.0,0,0.0,0,0.0,0,0.0,,,
Network - Charter/Contract,400012,Amandla Elementay Chrtr,311,1,0.3,304,97.7,0,0.0,0,0.0,2,0.6,0,0.0,0,0.0,0,0.0,4,1.3,,,
Network - Charter/Contract,400013,ASPIRA Chrt - Early College,511,6,1.2,13,2.5,0,0.0,3,0.6,483,94.5,1,0.2,2,0.4,0,0.0,3,0.6,,,
Network - Charter/Contract,400017,ASPIRA Chrt - Haugan,578,9,1.6,24,4.2,1,0.2,4,0.7,518,89.6,7,1.2,14,2.4,0,0.0,1,0.2,,,
Network - Charter/Contract,400015,ASPIRA Chrt - Ramirez,373,10,2.7,35,9.4,0,0.0,2,0.5,322,86.3,0,0.0,3,0.8,0,0.0,1,0.3,,,
Network - Charter/Contract,400019,Bronzeville LH Chrt,471,1,0.2,457,97.0,0,0.0,0,0.0,2,0.4,0,0.0,1,0.2,0,0.0,10,2.1,,,
Network - Charter/Contract,400020,Catalyst Chrt - Howland,498,0,0.0,495,99.4,0,0.0,0,0.0,3,0.6,0,0.0,0,0.0,0,0.0,0,0.0,,,
Network - Charter/Contract,400115,Catalyst Chrt - Maria,557,5,0.9,252,45.2,0,0.0,4,0.7,255,45.8,1,0.2,0,0.0,0,0.0,40,7.2,,,
Network - Charter/Contract,400021,Catalyst Chtr -Circle Rock,529,0,0.0,470,88.8,0,0.0,1,0.2,2,0.4,2,0.4,0,0.0,1,0.2,53,10.0,,,
Network - Charter/Contract,400035,Chgo Math/Sci Chtr,598,22,3.7,166,27.8,0,0.0,4,0.7,339,56.7,12,2.0,54,9.0,1,0.2,0,0.0,,,
Network - Charter/Contract,400091,Chicago Adv Tech Acad HS,381,11,2.9,259,68.0,0,0.0,0,0.0,103,27.0,1,0.3,7,1.8,0,0.0,0,0.0,,,
Network - Charter/Contract,400022,Chicago Arts HS,583,70,12.0,310,53.2,2,0.3,1,0.2,145,24.9,23,3.9,6,1.0,0,0.0,26,4.5,,,
Network - Charter/Contract,400147,Chicago Excel Acad,86,0,0.0,85,98.8,0,0.0,0,0.0,1,1.2,0,0.0,0,0.0,0,0.0,0,0.0,,,
Network - Charter/Contract,400093,Chicago Talent Dev HS,286,0,0.0,280,97.9,0,0.0,0,0.0,4,1.4,2,0.7,0,0.0,0,0.0,0,0.0,,,
Network - Charter/Contract,400036,Chicago Virtual Chtr,602,106,17.6,303,50.3,19,3.2,2,0.3,88,14.6,32,5.3,40,6.6,1,0.2,11,1.8,,,
Network - Charter/Contract,400023,CICS - Avalon/So Shore,422,2,0.5,418,99.1,0,0.0,0,0.0,2,0.5,0,0.0,0,0.0,0,0.0,0,0.0,,,
Network - Charter/Contract,400025,CICS - Bucktown,672,19,2.8,96,14.3,0,0.0,4,0.6,545,81.1,6,0.9,1,0.1,0,0.0,1,0.1,,,
Network - Charter/Contract,400113,CICS - Chgo Quest North,298,18,6.0,192,64.4,0,0.0,0,0.0,74,24.8,5,1.7,5,1.7,0,0.0,4,1.3,,,
Network - Charter/Contract,400032,CICS - Ellison,552,0,0.0,536,97.1,0,0.0,0,0.0,5,0.9,7,1.3,0,0.0,0,0.0,4,0.7,,,
Network - Charter/Contract,400108,CICS - Hawkins,371,0,0.0,363,97.8,0,0.0,0,0.0,2,0.5,2,0.5,0,0.0,0,0.0,4,1.1,,,
Network - Charter/Contract,400027,CICS - Irving Park,527,67,12.7,43,8.2,0,0.0,1,0.2,343,65.1,15,2.8,23,4.4,0,0.0,35,6.6,,,
Network - Charter/Contract,400092,CICS - Lloyd Bond,354,0,0.0,344,97.2,0,0.0,0,0.0,8,2.3,0,0.0,0,0.0,0,0.0,2,0.6,,,
Network - Charter/Contract,400033,CICS - Longwood,"1,412",1,0.1,"1,396",98.9,0,0.0,0,0.0,13,0.9,2,0.1,0,0.0,0,0.0,0,0.0,,,
Network - Charter/Contract,400026,CICS - Loomis,587,0,0.0,533,90.8,0,0.0,0,0.0,9,1.5,1,0.2,1,0.2,0,0.0,43,7.3,,,
Network - Charter/Contract,400034,CICS - Northtown,865,172,19.9,60,6.9,1,0.1,3,0.3,488,56.4,14,1.6,122,14.1,4,0.5,1,0.1,,,
Network - Charter/Contract,400030,CICS - W. Belden,500,6,1.2,38,7.6,0,0.0,0,0.0,456,91.2,0,0.0,0,0.0,0,0.0,0,0.0,,,
Network - Charter/Contract,400024,CICS- Basil,717,1,0.1,646,90.1,0,0.0,0,0.0,59,8.2,0,0.0,2,0.3,1,0.1,8,1.1,,,
Network - Charter/Contract,400028,CICS- Prairie,406,1,0.2,223,54.9,0,0.0,0,0.0,181,44.6,1,0.2,0,0.0,0,0.0,0,0.0,,,
Network - Charter/Contract,400029,CICS- Washington,448,0,0.0,435,97.1,0,0.0,0,0.0,4,0.9,0,0.0,0,0.0,0,0.0,9,2.0,,,
Network - Charter/Contract,400031,CICS- Wrightwood,725,5,0.7,677,93.4,0,0.0,1,0.1,15,2.1,25,3.4,1,0.1,0,0.0,1,0.1,,,
Network - Charter/Contract,400038,Community Service West HS,160,0,0.0,153,95.6,0,0.0,0,0.0,5,3.1,2,1.3,0,0.0,0,0.0,0,0.0,,,
Network - Charter/Contract,400094,EPIC Acad HS,487,3,0.6,295,60.6,0,0.0,2,0.4,177,36.3,7,1.4,0,0.0,0,0.0,3,0.6,,,
Network - Charter/Contract,400039,Erie Charter,414,8,1.9,80,19.3,0,0.0,0,0.0,315,76.1,8,1.9,3,0.7,0,0.0,0,0.0,,,
Network - Charter/Contract,400042,Ford Power House Chrt HS,360,1,0.3,342,95.0,0,0.0,0,0.0,12,3.3,0,0.0,0,0.0,0,0.0,5,1.4,,,
Network - Charter/Contract,400040,Frazier Prep Acad,441,1,0.2,403,91.4,0,0.0,0,0.0,5,1.1,0,0.0,0,0.0,0,0.0,32,7.3,,,
Network - Charter/Contract,400041,Galapagos Charter,365,1,0.3,346,94.8,0,0.0,0,0.0,12,3.3,0,0.0,0,0.0,0,0.0,6,1.6,,,
Network - Charter/Contract,400009,Globel Citizenship,296,31,10.5,19,6.4,0,0.0,1,0.3,239,80.7,3,1.0,0,0.0,0,0.0,3,1.0,,,
Network - Charter/Contract,400043,Hope Inst Learning Acad,379,13,3.4,308,81.3,0,0.0,2,0.5,29,7.7,4,1.1,4,1.1,0,0.0,19,5.0,,,
Network - Charter/Contract,400148,IJLA Charter HS,168,3,1.8,3,1.8,0,0.0,2,1.2,160,95.2,0,0.0,0,0.0,0,0.0,0,0.0,,,
Network - Charter/Contract,400104,Instituto Health Acad HS,532,14,2.6,23,4.3,0,0.0,1,0.2,489,91.9,0,0.0,1,0.2,0,0.0,4,0.8,,,
Network - Charter/Contract,400044,KIPP Ascend Charter,665,1,0.2,619,93.1,0,0.0,2,0.3,33,5.0,2,0.3,0,0.0,0,0.0,8,1.2,,,
Network - Charter/Contract,400046,LEARN Chrt -  Butler,624,1,0.2,597,95.7,0,0.0,0,0.0,5,0.8,1,0.2,0,0.0,0,0.0,20,3.2,,,
Network - Charter/Contract,400048,LEARN Chrt - EXCEL,342,0,0.0,329,96.2,0,0.0,1,0.3,8,2.3,0,0.0,0,0.0,0,0.0,4,1.2,,,
Network - Charter/Contract,400111,LEARN Chrt - Hunter Perkins,315,0,0.0,230,73.0,0,0.0,0,0.0,0,0.0,1,0.3,0,0.0,0,0.0,84,26.7,,,
Network - Charter/Contract,400047,LEARN Chrt - North Lawndale,441,0,0.0,431,97.7,0,0.0,0,0.0,8,1.8,0,0.0,0,0.0,0,0.0,2,0.5,,,
Network - Charter/Contract,400107,LEARN Chrt - South Shore,344,1,0.3,283,82.3,0,0.00,1,0.3,31,9.0,2,0.6,0,0.0,0,0.0,26,7.6,,,
Network - Charter/Contract,400049,Legacy Charter,503,3,0.6,488,97.0,0,0.0,2,0.4,8,1.6,1,0.2,0,0.0,0,0.0,1,0.2,,,
Network - Charter/Contract,400119,Legal Prep Acad Chtr,196,0,0.0,192,98.0,0,0.0,0,0.0,3,1.5,0,0.0,0,0.0,0,0.0,1,0.5,,,
Network - Charter/Contract,400011,Locke A. Charter,588,3,0.5,576,98.0,0,0.0,0,0.0,6,1.0,3,0.5,0,0.0,0,0.0,0,0.0,,,
Network - Charter/Contract,400116,Montessori Englewood Chtr,92,0,0.0,85,92.4,0,0.0,0,0.0,4,4.3,2,2.2,0,0.0,0,0.0,1,1.1,,,
Network - Charter/Contract,400050,Namaste Charter,465,42,9.0,21,4.5,0,0.0,1,0.2,382,82.2,2,0.4,6,1.3,1,0.2,10,2.2,,,
Network - Charter/Contract,400045,Nkrumah Academy,244,0,0.0,240,98.4,0,0.0,0,0.0,1,0.4,1,0.4,0,0.0,0,0.0,2,0.8,,,
Network - Charter/Contract,400052,Nobel St Chrt HS - Comer,812,0,0.0,763,94.0,0,0.0,1,0.1,32,3.9,15,1.8,0,0.0,0,0.0,1,0.1,,,
Network - Charter/Contract,400057,Nobel St ChrtHS - UIC College Prep,794,17,2.1,192,24.2,0,0.0,6,0.8,527,66.4,11,1.4,35,4.4,0,0.0,6,0.8,,,
Network - Charter/Contract,400117,Noble St - Auburn-Grensham,257,0,0.0,247,96.1,0,0.0,0,0.0,8,3.1,1,0.4,1,0.4,0,0.0,0,0.0,,,
Network - Charter/Contract,400118,Noble St - Homan Square,228,3,1.3,192,84.2,0,0.0,0,0.0,28,12.3,2,0.9,0,0.0,0,0.0,3,1.3,,,
Network - Charter/Contract,400106,Noble St Chrt - Englewood HS,609,0,0.0,588,96.6,0,0.0,0,0.0,17,2.8,4,0.7,0,0.0,0,0.0,0,0.0,,,
Network - Charter/Contract,400097,Noble St Chrt HS - Chgo Bulls College,"1,029",8,0.8,314,30.5,0,0.0,4,0.4,680,66.1,12,1.2,6,0.6,1,0.1,4,0.4,,,
Network - Charter/Contract,400056,Noble St Chrt HS - Clark,626,7,1.1,414,66.1,0,0.0,2,0.3,188,30.0,12,1.9,3,0.5,0,0.0,0,0.0,,,
Network - Charter/Contract,400053,Noble St Chrt HS - Golder,601,21,3.5,66,11.0,0,0.0,3,0.5,509,84.7,0,0.0,1,0.2,1,0.2,0,0.0,,,
Network - Charter/Contract,400054,Noble St Chrt HS - Prtizker,805,6,0.7,17,2.1,0,0.0,4,0.5,772,95.9,3,0.4,3,0.4,0,0.0,0,0.0,,,
Network - Charter/Contract,400055,Noble St Chrt HS - Rauner,629,8,1.3,57,9.1,0,0.0,6,1.0,546,86.8,8,1.3,4,0.6,0,0.0,0,0.0,,,
Network - Charter/Contract,400051,Noble St Chrt Hs -College Prep,615,17,2.8,76,12.4,0,0.0,4,0.7,511,83.1,2,0.3,5,0.8,0,0.0,0,0.0,,,
Network - Charter/Contract,400098,Noble St Chrt HS- Muchin,862,24,2.8,271,31.4,1,0.1,4,0.5,485,56.3,3,0.3,48,5.6,0,0.0,26,3.0,,,
Network - Charter/Contract,400059,North Lawndale Chrt - Collins,419,0,0.0,412,98.3,0,0.0,0,0.0,5,1.2,0,0.0,0,0.0,0,0.0,2,0.5,,,
Network - Charter/Contract,400058,North Lawndale Chrt -Christiana,454,0,0.0,443,97.6,0,0.0,0,0.0,7,1.5,1,0.2,0,0.0,1,0.2,2,0.4,,,
Network - Charter/Contract,400060,Passages Chrt,421,23,5.5,213,50.6,2,0.5,4,1.0,75,17.8,24,5.7,73,17.3,3,0.7,4,1.0,,,
Network - Charter/Contract,400064,Perspectives Chrt  - Joslin,366,10,2.7,243,66.4,0,0.0,0,0.0,100,27.3,4,1.1,5,1.4,1,0.3,3,0.8,,,
Network - Charter/Contract,400062,Perspectives Chrt - Cal Tech HS,521,1,0.2,515,98.8,0,0.0,0,0.0,2,0.4,2,0.4,0,0.0,0,0.0,1,0.2,,,
Network - Charter/Contract,400061,Perspectives Chrt - Calumet HS,808,0,0.0,793,98.1,0,0.0,0,0.0,8,1.0,5,0.6,0,0.0,0,0.0,2,0.2,,,
Network - Charter/Contract,400066,Perspectives Chrt - ITT Math/Science,559,6,1.1,522,93.4,1,0.2,0,0.0,14,2.5,10,1.8,1,0.2,0,0.0,5,0.9,,,
Network - Charter/Contract,400068,Plato Learning Acad,468,0,0.0,467,99.8,0,0.0,0,0.0,1,0.2,0,0.0,0,0.0,0,0.0,0,0.0,,,
Network - Charter/Contract,400069,Polaris Charter Acad,391,0,0.0,354,90.5,0,0.0,0,0.0,34,8.7,0,0.0,0,0.0,0,0.0,3,0.8,,,
Network - Charter/Contract,400109,Prologue Chrt - Johnston HS,251,0,0.0,246,98.0,0,0.0,0,0.0,4,1.6,1,0.4,0,0.0,0,0.0,0,0.0,,,
Network - Charter/Contract,400070,Prologue Early College HS,228,5,2.2,191,83.8,0,0.0,0,0.0,28,12.3,2,0.9,0,0.0,0,0.0,2,0.9,,,
Network - Charter/Contract,400071,Providence-Englewood Chrt,455,0,0.0,411,90.3,0,0.0,0,0.0,9,2.0,2,0.4,0,0.0,0,0.0,33,7.3,,,
Network - Charter/Contract,400096,Rowe,484,14,2.9,74,15.3,0,0.0,2,0.4,382,78.9,6,1.2,2,0.4,0,0.0,4,0.8,,,
Network - Charter/Contract,400072,Shabazz Charter,300,0,0.0,264,88.0,0,0.0,0,0.0,2,0.7,2,0.7,0,0.0,0,0.0,32,10.7,,,
Network - Charter/Contract,400073,Shabazz Chrt - DuSable,333,1,0.3,325,97.6,0,0.0,0,0.0,4,1.2,0,0.0,0,0.0,0,0.0,3,0.9,,,
Network - Charter/Contract,400074,Shabazz Chrt - Sizmore,307,0,0.0,285,92.8,0,0.0,0,0.0,1,0.3,1,0.3,0,0.0,0,0.0,20,6.5,,,
Network - Charter/Contract,400075,U Of C Chrt - Donoghue,490,2,0.4,471,96.1,0,0.0,0,0.0,2,0.4,0,0.0,0,0.0,0,0.0,15,3.1,,,
Network - Charter/Contract,400076,U Of C Chrt - North Kenwood,331,5,1.5,316,95.5,0,0.0,0,0.0,3,0.9,2,0.6,0,0.0,0,0.0,5,1.5,,,
Network - Charter/Contract,400077,U Of C Chrt - Woodlawn,607,2,0.3,594,97.9,0,0.0,0,0.0,4,0.7,2,0.3,0,0.0,1,0.2,4,0.7,,,
Network - Charter/Contract,400078,U of C Chrt - Woodson,385,0,0.0,372,96.6,0,0.0,0,0.0,3,0.8,4,1.0,0,0.0,0,0.0,6,1.6,,,
Network - Charter/Contract,400112,UNO Charter - 51st Homan,574,4,0.7,1,0.2,0,0.0,4,0.7,557,97.0,0,0.0,0,0.0,0,0.0,8,1.4,,,
Network - Charter/Contract,400101,UNO Charter - Gage Park,574,1,0.2,2,0.3,0,0.0,1,0.2,566,98.6,0,0.0,0,0.0,0,0.0,4,0.7,,,
Network - Charter/Contract,400085,UNO Charter - Major Garcia,636,6,0.9,2,0.3,0,0.0,4,0.6,618,97.2,0,0.0,2,0.3,1,0.2,3,0.5,,,
Network - Charter/Contract,400089,UNO Charter - Marquez,576,0,0.0,5,0.9,0,0.0,1,0.2,544,94.4,0,0.0,0,0.0,0,0.0,26,4.5,,,
Network - Charter/Contract,400114,UNO Charter - St Marks,270,2,0.7,18,6.7,0,0.0,1,0.4,248,91.9,0,0.0,0,0.0,0,0.0,1,0.4,,,
Network - Charter/Contract,400082,UNO Chrt - Fuentes,562,3,0.5,1,0.2,0,0.0,1,0.2,540,96.1,3,0.5,4,0.7,0,0.0,10,1.8,,,
Network - Charter/Contract,400081,UNO Chrt - Las Casas,288,0,0.0,1,0.3,0,0.0,0,0.0,284,98.6,1,0.3,0,0.0,0,0.0,2,0.7,,,
Network - Charter/Contract,400083,UNO Chrt - Paz Interm,445,2,0.4,46,10.3,0,0.0,1,0.2,384,86.3,0,0.0,0,0.0,0,0.0,12,2.7,,,
Network - Charter/Contract,400080,UNO Chrt - PFC Torres,635,4,0.6,7,1.1,0,0.0,1,0.2,607,95.6,1,0.2,0,0.0,0,0.0,15,2.4,,,
Network - Charter/Contract,400079,UNO Chrt - SPC Zizumbo,638,8,1.3,1,0.2,0,0.0,3,0.5,577,90.4,0,0.0,2,0.3,0,0.0,47,7.4,,,
Network - Charter/Contract,400084,UNO Chrt - Tamayo,288,3,1.0,0,0.0,0,0.0,0,0.0,285,99.0,0,0.0,0,0.0,0,0.0,0,0.0,,,
Network - Charter/Contract,400120,UNO Chtr - Near West,555,8,1.4,30,5.4,0,0.0,0,0.0,509,91.7,2,0.4,0,0.0,0,0.0,6,1.1,,,
Network - Charter/Contract,400121,UNO Chtr - Northside,486,4,0.8,36,7.4,0,0.0,3,0.6,433,89.1,1,0.2,8,1.6,0,0.0,1,0.2,,,
Network - Charter/Contract,400102,Urban Prep Acad - E Garfield HS,430,0,0.0,403,93.7,0,0.0,0,0.0,7,1.6,3,0.7,0,0.0,0,0.0,17,4.0,,,
Network - Charter/Contract,400105,Urban Prep Acad - So Shore HS,405,0,0.0,392,96.8,0,0.0,0,0.0,7,1.7,2,0.5,0,0.0,0,0.0,4,1.0,,,
Network - Charter/Contract,400086,Urban Prep Chtr HS,496,0,0.0,424,85.5,0,0.0,0,0.0,2,0.4,4,0.8,0,0.0,0,0.0,66,13.3,,,
Network - Charter/Contract,400087,Yng Women Ldrshp Chrt,355,18,5.1,278,78.3,0,0.0,2,0.6,31,8.7,6,1.7,0,0.0,0,0.0,20,5.6,,,
Network - Charter/Contract,609686,Youth Connect Chrt,"4,064",59,1.5,"2,987",73.5,3,0.1,6,0.1,962,23.7,30,0.7,10,0.2,2,0.0,5,0.1,,,
,,,,,,,,,,,,,,,,,,,,,,,,
Dsitrict Totals,,,"403,461","36,415",9.0,"163,595",40.5,111,0.03,"1,409",0.3,"180,274",44.7,"4,310",1.1,"13,581",3.4,530,0.1,"3,236",0.8,,,